,index,Sample,Assembler,Contig,Contig Len,Mapped,#N
0,0,ENN,Unicycler,1,882626,Enterococcus_faecalis,0
1,1,ENN,Unicycler,2,847534,Pseudomonas_aeruginosa,0
2,2,ENN,Unicycler,3,840916,Staphylococcus_aureus,0
3,3,ENN,Unicycler,4,768274,Bacillus_subtilis,0
4,4,ENN,Unicycler,5,632062,Listeria_monocytogenes,0
5,5,ENN,Unicycler,6,552107,Bacillus_subtilis,0
6,6,ENN,Unicycler,7,542705,Listeria_monocytogenes,0
7,7,ENN,Unicycler,8,542139,Pseudomonas_aeruginosa,0
8,8,ENN,Unicycler,9,475179,Listeria_monocytogenes,0
9,9,ENN,Unicycler,10,465250,Pseudomonas_aeruginosa,0
10,10,ENN,Unicycler,11,376042,Enterococcus_faecalis,0
11,11,ENN,Unicycler,12,373977,Pseudomonas_aeruginosa,0
12,12,ENN,Unicycler,13,367131,Salmonella_enterica,0
13,13,ENN,Unicycler,14,366399,Salmonella_enterica,0
14,14,ENN,Unicycler,15,349341,Salmonella_enterica,0
15,15,ENN,Unicycler,16,346566,Escherichia_coli,0
16,16,ENN,Unicycler,17,337089,Pseudomonas_aeruginosa,0
17,17,ENN,Unicycler,18,336270,Enterococcus_faecalis,0
18,18,ENN,Unicycler,19,314939,Bacillus_subtilis,0
19,19,ENN,Unicycler,20,294481,Pseudomonas_aeruginosa,0
20,20,ENN,Unicycler,21,294271,Bacillus_subtilis,0
21,21,ENN,Unicycler,22,279955,Staphylococcus_aureus,0
22,22,ENN,Unicycler,23,269495,Bacillus_subtilis,0
23,23,ENN,Unicycler,24,263169,Bacillus_subtilis,0
24,24,ENN,Unicycler,25,258354,Pseudomonas_aeruginosa,0
25,25,ENN,Unicycler,26,256911,Bacillus_subtilis,0
26,26,ENN,Unicycler,27,256472,Pseudomonas_aeruginosa,0
27,27,ENN,Unicycler,28,254431,Listeria_monocytogenes,0
28,28,ENN,Unicycler,29,252455,Bacillus_subtilis,0
29,29,ENN,Unicycler,30,239075,Pseudomonas_aeruginosa,0
30,30,ENN,Unicycler,31,238869,Salmonella_enterica,0
31,31,ENN,Unicycler,32,238501,Enterococcus_faecalis,0
32,32,ENN,Unicycler,33,234872,Enterococcus_faecalis,0
33,33,ENN,Unicycler,34,232537,Listeria_monocytogenes,0
34,34,ENN,Unicycler,35,229802,Bacillus_subtilis,0
35,35,ENN,Unicycler,36,229413,Salmonella_enterica,0
36,36,ENN,Unicycler,37,223960,Salmonella_enterica,0
37,37,ENN,Unicycler,38,223263,Staphylococcus_aureus,0
38,38,ENN,Unicycler,39,214853,Pseudomonas_aeruginosa,0
39,39,ENN,Unicycler,40,213807,Listeria_monocytogenes,0
40,40,ENN,Unicycler,41,213484,Salmonella_enterica,0
41,41,ENN,Unicycler,42,210819,Pseudomonas_aeruginosa,0
42,42,ENN,Unicycler,43,204463,Pseudomonas_aeruginosa,0
43,43,ENN,Unicycler,44,196231,Salmonella_enterica,0
44,44,ENN,Unicycler,45,191216,Pseudomonas_aeruginosa,0
45,45,ENN,Unicycler,46,189975,Pseudomonas_aeruginosa,0
46,46,ENN,Unicycler,47,187194,Pseudomonas_aeruginosa,0
47,47,ENN,Unicycler,48,184014,Escherichia_coli,0
48,48,ENN,Unicycler,49,183321,Escherichia_coli,0
49,49,ENN,Unicycler,50,181261,Escherichia_coli,0
50,50,ENN,Unicycler,51,179344,Enterococcus_faecalis,0
51,51,ENN,Unicycler,52,177302,Pseudomonas_aeruginosa,0
52,52,ENN,Unicycler,53,176045,Pseudomonas_aeruginosa,0
53,53,ENN,Unicycler,54,173757,Pseudomonas_aeruginosa,0
54,54,ENN,Unicycler,55,171239,Enterococcus_faecalis,0
55,55,ENN,Unicycler,56,164016,Staphylococcus_aureus,0
56,56,ENN,Unicycler,57,157802,Salmonella_enterica,0
57,57,ENN,Unicycler,58,155835,Bacillus_subtilis,0
58,58,ENN,Unicycler,59,151055,Staphylococcus_aureus,0
59,59,ENN,Unicycler,60,148477,Escherichia_coli,0
60,60,ENN,Unicycler,61,148284,Salmonella_enterica,0
61,61,ENN,Unicycler,62,144676,Escherichia_coli,0
62,62,ENN,Unicycler,63,143910,Escherichia_coli,0
63,63,ENN,Unicycler,64,140361,Listeria_monocytogenes,0
64,64,ENN,Unicycler,65,139853,Salmonella_enterica,0
65,65,ENN,Unicycler,66,137878,Salmonella_enterica,0
66,66,ENN,Unicycler,67,137118,Bacillus_subtilis,0
67,67,ENN,Unicycler,68,136541,Listeria_monocytogenes,0
68,68,ENN,Unicycler,69,126537,Staphylococcus_aureus,0
69,69,ENN,Unicycler,70,125453,Escherichia_coli,0
70,70,ENN,Unicycler,71,124073,Escherichia_coli,0
71,71,ENN,Unicycler,72,122331,Bacillus_subtilis,0
72,72,ENN,Unicycler,73,121680,Lactobacillus_fermentum,0
73,73,ENN,Unicycler,74,118948,Pseudomonas_aeruginosa,0
74,74,ENN,Unicycler,75,118679,Pseudomonas_aeruginosa,0
75,75,ENN,Unicycler,76,116000,Salmonella_enterica,0
76,76,ENN,Unicycler,77,114636,Lactobacillus_fermentum,0
77,77,ENN,Unicycler,78,114427,Staphylococcus_aureus,0
78,78,ENN,Unicycler,79,112663,Escherichia_coli,0
79,79,ENN,Unicycler,80,112459,Staphylococcus_aureus,0
80,80,ENN,Unicycler,81,112295,Salmonella_enterica,0
81,81,ENN,Unicycler,82,110945,Escherichia_coli,0
82,82,ENN,Unicycler,83,108362,Staphylococcus_aureus,0
83,83,ENN,Unicycler,84,107740,Escherichia_coli,0
84,84,ENN,Unicycler,85,106763,Pseudomonas_aeruginosa,0
85,85,ENN,Unicycler,86,106187,Pseudomonas_aeruginosa,0
86,86,ENN,Unicycler,87,105394,Enterococcus_faecalis,0
87,87,ENN,Unicycler,88,104262,Escherichia_coli,0
88,88,ENN,Unicycler,89,104183,Salmonella_enterica,0
89,89,ENN,Unicycler,90,103614,Salmonella_enterica,0
90,90,ENN,Unicycler,91,103334,Salmonella_enterica,0
91,91,ENN,Unicycler,92,101854,Escherichia_coli,0
92,92,ENN,Unicycler,93,99945,Salmonella_enterica,0
93,93,ENN,Unicycler,94,99558,Escherichia_coli,0
94,94,ENN,Unicycler,95,99528,Listeria_monocytogenes,0
95,95,ENN,Unicycler,96,99048,Lactobacillus_fermentum,0
96,96,ENN,Unicycler,97,98665,Escherichia_coli,0
97,97,ENN,Unicycler,98,96845,Escherichia_coli,0
98,98,ENN,Unicycler,99,96241,Listeria_monocytogenes,0
99,99,ENN,Unicycler,100,94991,Escherichia_coli,0
100,100,ENN,Unicycler,101,93971,Salmonella_enterica,0
101,101,ENN,Unicycler,102,93217,Escherichia_coli,0
102,102,ENN,Unicycler,103,90004,Pseudomonas_aeruginosa,0
103,103,ENN,Unicycler,104,87873,Pseudomonas_aeruginosa,0
104,104,ENN,Unicycler,105,87192,Lactobacillus_fermentum,0
105,105,ENN,Unicycler,106,86407,Escherichia_coli,0
106,106,ENN,Unicycler,107,85930,Enterococcus_faecalis,0
107,107,ENN,Unicycler,108,83706,Bacillus_subtilis,0
108,108,ENN,Unicycler,109,82872,Salmonella_enterica,0
109,109,ENN,Unicycler,110,81305,Listeria_monocytogenes,0
110,110,ENN,Unicycler,111,81225,Lactobacillus_fermentum,0
111,111,ENN,Unicycler,112,80611,Salmonella_enterica,0
112,112,ENN,Unicycler,113,79604,Escherichia_coli,0
113,113,ENN,Unicycler,114,77870,Salmonella_enterica,0
114,114,ENN,Unicycler,115,77785,Lactobacillus_fermentum,0
115,115,ENN,Unicycler,116,76292,Pseudomonas_aeruginosa,0
116,116,ENN,Unicycler,117,75955,Salmonella_enterica,0
117,117,ENN,Unicycler,118,74140,Escherichia_coli,0
118,118,ENN,Unicycler,119,73060,Staphylococcus_aureus,0
119,119,ENN,Unicycler,120,73002,Staphylococcus_aureus,0
120,120,ENN,Unicycler,121,72589,Lactobacillus_fermentum,0
121,121,ENN,Unicycler,122,70767,Escherichia_coli,0
122,122,ENN,Unicycler,123,70328,Escherichia_coli,0
123,123,ENN,Unicycler,124,69084,Escherichia_coli,0
124,124,ENN,Unicycler,125,68386,Pseudomonas_aeruginosa,0
125,125,ENN,Unicycler,126,68363,Pseudomonas_aeruginosa,0
126,126,ENN,Unicycler,127,67743,Staphylococcus_aureus,0
127,127,ENN,Unicycler,128,66204,Escherichia_coli,0
128,128,ENN,Unicycler,129,65589,Escherichia_coli,0
129,129,ENN,Unicycler,130,64660,Escherichia_coli,0
130,130,ENN,Unicycler,131,63561,Lactobacillus_fermentum,0
131,131,ENN,Unicycler,132,63507,Salmonella_enterica,0
132,132,ENN,Unicycler,133,63305,Escherichia_coli,0
133,133,ENN,Unicycler,134,61579,Pseudomonas_aeruginosa,0
134,134,ENN,Unicycler,135,59878,Escherichia_coli,0
135,135,ENN,Unicycler,136,59697,Staphylococcus_aureus,0
136,136,ENN,Unicycler,137,59671,Bacillus_subtilis,0
137,137,ENN,Unicycler,138,59376,Escherichia_coli,0
138,138,ENN,Unicycler,139,58469,Escherichia_coli,0
139,139,ENN,Unicycler,140,56572,Pseudomonas_aeruginosa,0
140,140,ENN,Unicycler,141,55963,Escherichia_coli,0
141,141,ENN,Unicycler,142,55376,Pseudomonas_aeruginosa,0
142,142,ENN,Unicycler,143,55143,Bacillus_subtilis,0
143,143,ENN,Unicycler,144,52932,Escherichia_coli_plasmid,0
144,144,ENN,Unicycler,145,52759,Salmonella_enterica,0
145,145,ENN,Unicycler,146,52694,Lactobacillus_fermentum,0
146,146,ENN,Unicycler,147,52684,Salmonella_enterica,0
147,147,ENN,Unicycler,148,52216,Escherichia_coli,0
148,148,ENN,Unicycler,149,51803,Staphylococcus_aureus,0
149,149,ENN,Unicycler,150,49030,Pseudomonas_aeruginosa,0
150,150,ENN,Unicycler,151,48959,Staphylococcus_aureus,0
151,151,ENN,Unicycler,152,46784,Lactobacillus_fermentum,0
152,152,ENN,Unicycler,153,46519,Enterococcus_faecalis,0
153,153,ENN,Unicycler,154,45959,Lactobacillus_fermentum,0
154,154,ENN,Unicycler,155,45758,Pseudomonas_aeruginosa,0
155,155,ENN,Unicycler,156,45562,Staphylococcus_aureus,0
156,156,ENN,Unicycler,157,45124,Escherichia_coli,0
157,157,ENN,Unicycler,158,44756,Salmonella_enterica,0
158,158,ENN,Unicycler,159,44430,Escherichia_coli,0
159,159,ENN,Unicycler,160,44315,Lactobacillus_fermentum,0
160,160,ENN,Unicycler,161,42992,Escherichia_coli,0
161,161,ENN,Unicycler,162,41989,Escherichia_coli,0
162,162,ENN,Unicycler,163,41930,Escherichia_coli,0
163,163,ENN,Unicycler,164,40306,Lactobacillus_fermentum,0
164,164,ENN,Unicycler,165,40168,Lactobacillus_fermentum,0
165,165,ENN,Unicycler,166,39873,Lactobacillus_fermentum,0
166,166,ENN,Unicycler,167,38822,Salmonella_enterica,0
167,167,ENN,Unicycler,168,38159,Bacillus_subtilis,0
168,168,ENN,Unicycler,169,38024,Pseudomonas_aeruginosa,0
169,169,ENN,Unicycler,170,37916,Escherichia_coli,0
170,170,ENN,Unicycler,171,37734,Staphylococcus_aureus,0
171,171,ENN,Unicycler,172,37699,Bacillus_subtilis,0
172,172,ENN,Unicycler,173,37270,Lactobacillus_fermentum,0
173,173,ENN,Unicycler,174,37188,Escherichia_coli,0
174,174,ENN,Unicycler,175,37090,Lactobacillus_fermentum,0
175,175,ENN,Unicycler,176,36752,Salmonella_enterica,0
176,176,ENN,Unicycler,177,36079,Salmonella_enterica,0
177,177,ENN,Unicycler,178,35769,Enterococcus_faecalis,0
178,178,ENN,Unicycler,179,35666,Pseudomonas_aeruginosa,0
179,179,ENN,Unicycler,180,35550,Enterococcus_faecalis,0
180,180,ENN,Unicycler,181,35304,Escherichia_coli,0
181,181,ENN,Unicycler,182,34771,Lactobacillus_fermentum,0
182,182,ENN,Unicycler,183,34479,Staphylococcus_aureus,0
183,183,ENN,Unicycler,184,33651,Lactobacillus_fermentum,0
184,184,ENN,Unicycler,185,33109,Salmonella_enterica,0
185,185,ENN,Unicycler,186,32590,Escherichia_coli,0
186,186,ENN,Unicycler,187,32235,Lactobacillus_fermentum,0
187,187,ENN,Unicycler,188,31856,Salmonella_enterica,0
188,188,ENN,Unicycler,189,31744,Escherichia_coli,0
189,189,ENN,Unicycler,190,31532,Escherichia_coli,0
190,190,ENN,Unicycler,191,31468,Escherichia_coli,0
191,191,ENN,Unicycler,192,30871,Escherichia_coli,0
192,192,ENN,Unicycler,193,30373,Enterococcus_faecalis,0
193,193,ENN,Unicycler,194,29711,Salmonella_enterica,0
194,194,ENN,Unicycler,195,29620,Bacillus_subtilis,0
195,195,ENN,Unicycler,196,29570,Salmonella_enterica,0
196,196,ENN,Unicycler,197,29107,Enterococcus_faecalis,0
197,197,ENN,Unicycler,198,29056,Lactobacillus_fermentum,0
198,198,ENN,Unicycler,199,28865,Lactobacillus_fermentum,0
199,199,ENN,Unicycler,200,28252,Lactobacillus_fermentum,0
200,200,ENN,Unicycler,201,28071,Escherichia_coli_plasmid,0
201,201,ENN,Unicycler,202,27904,Lactobacillus_fermentum,0
202,202,ENN,Unicycler,203,27552,Salmonella_enterica,0
203,203,ENN,Unicycler,204,27508,Staphylococcus_aureus,0
204,204,ENN,Unicycler,205,26684,Pseudomonas_aeruginosa,0
205,205,ENN,Unicycler,206,26592,Escherichia_coli,0
206,206,ENN,Unicycler,207,26328,Escherichia_coli_plasmid,0
207,207,ENN,Unicycler,208,25575,Escherichia_coli,0
208,208,ENN,Unicycler,209,24541,Lactobacillus_fermentum,0
209,209,ENN,Unicycler,210,24131,Lactobacillus_fermentum,0
210,210,ENN,Unicycler,211,23688,Salmonella_enterica,0
211,211,ENN,Unicycler,212,23265,Lactobacillus_fermentum,0
212,212,ENN,Unicycler,213,23137,Bacillus_subtilis,0
213,213,ENN,Unicycler,214,23070,Pseudomonas_aeruginosa,0
214,214,ENN,Unicycler,215,22552,Escherichia_coli,0
215,215,ENN,Unicycler,216,21904,Pseudomonas_aeruginosa,0
216,216,ENN,Unicycler,217,21860,Pseudomonas_aeruginosa,0
217,217,ENN,Unicycler,218,21670,Escherichia_coli,0
218,218,ENN,Unicycler,219,21595,Salmonella_enterica,0
219,219,ENN,Unicycler,220,21289,Salmonella_enterica,0
220,220,ENN,Unicycler,221,21022,Salmonella_enterica,0
221,221,ENN,Unicycler,222,20705,Lactobacillus_fermentum,0
222,222,ENN,Unicycler,223,20283,Lactobacillus_fermentum,0
223,223,ENN,Unicycler,224,20166,Escherichia_coli,0
224,224,ENN,Unicycler,225,19885,Salmonella_enterica,0
225,225,ENN,Unicycler,226,19321,Enterococcus_faecalis,0
226,226,ENN,Unicycler,227,19074,Salmonella_enterica,0
227,227,ENN,Unicycler,228,18907,Escherichia_coli,0
228,228,ENN,Unicycler,229,18870,Lactobacillus_fermentum,0
229,229,ENN,Unicycler,230,18839,Escherichia_coli,0
230,230,ENN,Unicycler,231,18549,Escherichia_coli,0
231,231,ENN,Unicycler,232,18538,Salmonella_enterica,0
232,232,ENN,Unicycler,233,17955,Lactobacillus_fermentum,0
233,233,ENN,Unicycler,234,17896,Escherichia_coli,0
234,234,ENN,Unicycler,235,17626,Escherichia_coli,0
235,235,ENN,Unicycler,236,17271,Salmonella_enterica,0
236,236,ENN,Unicycler,237,16834,Escherichia_coli,0
237,237,ENN,Unicycler,238,16776,Escherichia_coli,0
238,238,ENN,Unicycler,239,16599,Escherichia_coli,0
239,239,ENN,Unicycler,240,16453,Lactobacillus_fermentum,0
240,240,ENN,Unicycler,241,16323,Salmonella_enterica,0
241,241,ENN,Unicycler,242,16245,Escherichia_coli,0
242,242,ENN,Unicycler,243,16004,Lactobacillus_fermentum,0
243,243,ENN,Unicycler,244,15948,Staphylococcus_aureus,0
244,244,ENN,Unicycler,245,15946,Escherichia_coli,0
245,245,ENN,Unicycler,246,15842,Lactobacillus_fermentum,0
246,246,ENN,Unicycler,247,15373,Bacillus_subtilis,0
247,247,ENN,Unicycler,248,15252,Escherichia_coli,0
248,248,ENN,Unicycler,249,14587,Lactobacillus_fermentum,0
249,249,ENN,Unicycler,250,14512,Lactobacillus_fermentum,0
250,250,ENN,Unicycler,251,14399,Lactobacillus_fermentum,0
251,251,ENN,Unicycler,252,14348,Lactobacillus_fermentum,0
252,252,ENN,Unicycler,253,14283,Salmonella_enterica,0
253,253,ENN,Unicycler,254,14006,Escherichia_coli,0
254,254,ENN,Unicycler,255,13886,Lactobacillus_fermentum,0
255,255,ENN,Unicycler,256,13675,Escherichia_coli,0
256,256,ENN,Unicycler,257,12901,Lactobacillus_fermentum,0
257,257,ENN,Unicycler,258,12258,Lactobacillus_fermentum,0
258,258,ENN,Unicycler,259,12204,Escherichia_coli,0
259,259,ENN,Unicycler,260,12116,Salmonella_enterica,0
260,260,ENN,Unicycler,261,11852,Escherichia_coli,0
261,261,ENN,Unicycler,262,11778,Lactobacillus_fermentum,0
262,262,ENN,Unicycler,263,11125,Lactobacillus_fermentum,0
263,263,ENN,Unicycler,264,11064,Lactobacillus_fermentum,0
264,264,ENN,Unicycler,265,10949,Salmonella_enterica,0
265,265,ENN,Unicycler,266,10760,Escherichia_coli,0
266,266,ENN,Unicycler,267,10704,Salmonella_enterica,0
267,267,ENN,Unicycler,268,10452,Lactobacillus_fermentum,0
268,268,ENN,Unicycler,269,10075,Bacillus_subtilis,0
269,269,ENN,Unicycler,270,10061,Salmonella_enterica,0
270,270,ENN,Unicycler,271,9765,Salmonella_enterica,0
271,271,ENN,Unicycler,272,9689,Escherichia_coli,0
272,272,ENN,Unicycler,273,9586,Escherichia_coli,0
273,273,ENN,Unicycler,274,9088,Escherichia_coli,0
274,274,ENN,Unicycler,275,8986,Escherichia_coli,0
275,275,ENN,Unicycler,276,8782,Lactobacillus_fermentum,0
276,276,ENN,Unicycler,277,8651,Lactobacillus_fermentum,0
277,277,ENN,Unicycler,278,8413,Lactobacillus_fermentum,0
278,278,ENN,Unicycler,279,8190,Lactobacillus_fermentum,0
279,279,ENN,Unicycler,280,8029,Salmonella_enterica,0
280,280,ENN,Unicycler,281,7905,Lactobacillus_fermentum,0
281,281,ENN,Unicycler,282,7794,Escherichia_coli,0
282,282,ENN,Unicycler,283,7794,Escherichia_coli,0
283,283,ENN,Unicycler,284,7441,Lactobacillus_fermentum,0
284,284,ENN,Unicycler,285,6428,Escherichia_coli,0
285,285,ENN,Unicycler,286,6337,Staphylococcus_aureus_plasmid1,0
286,286,ENN,Unicycler,287,6233,Lactobacillus_fermentum,0
287,287,ENN,Unicycler,288,6038,Pseudomonas_aeruginosa,0
288,288,ENN,Unicycler,289,5871,Escherichia_coli,0
289,289,ENN,Unicycler,290,5782,Escherichia_coli,0
290,290,ENN,Unicycler,291,5552,Salmonella_enterica,0
291,291,ENN,Unicycler,292,5493,Salmonella_enterica,0
292,292,ENN,Unicycler,293,5420,Pseudomonas_aeruginosa,0
293,293,ENN,Unicycler,294,5318,Staphylococcus_aureus,0
294,294,ENN,Unicycler,295,5314,Pseudomonas_aeruginosa,0
295,295,ENN,Unicycler,296,5265,Salmonella_enterica,0
296,296,ENN,Unicycler,297,5175,Escherichia_coli,0
297,297,ENN,Unicycler,298,4984,Escherichia_coli,0
298,298,ENN,Unicycler,299,4919,Lactobacillus_fermentum,0
299,299,ENN,Unicycler,300,4759,Escherichia_coli,0
300,300,ENN,Unicycler,301,4666,Salmonella_enterica,0
301,301,ENN,Unicycler,302,4636,Staphylococcus_aureus,0
302,302,ENN,Unicycler,303,4542,Pseudomonas_aeruginosa,0
303,303,ENN,Unicycler,304,4412,Escherichia_coli,0
304,304,ENN,Unicycler,305,4410,Salmonella_enterica,0
305,305,ENN,Unicycler,306,4026,Salmonella_enterica,0
306,306,ENN,Unicycler,307,4013,Pseudomonas_aeruginosa,0
307,307,ENN,Unicycler,308,3990,Pseudomonas_aeruginosa,0
308,308,ENN,Unicycler,309,3965,Escherichia_coli,0
309,309,ENN,Unicycler,310,3965,Salmonella_enterica,0
310,310,ENN,Unicycler,311,3947,Lactobacillus_fermentum,0
311,311,ENN,Unicycler,312,3910,Pseudomonas_aeruginosa,0
312,312,ENN,Unicycler,313,3772,Lactobacillus_fermentum,0
313,313,ENN,Unicycler,314,3722,Pseudomonas_aeruginosa,0
314,314,ENN,Unicycler,315,3658,Salmonella_enterica,0
315,315,ENN,Unicycler,316,3652,Salmonella_enterica,0
316,316,ENN,Unicycler,317,3595,Listeria_monocytogenes,0
317,317,ENN,Unicycler,318,3539,Pseudomonas_aeruginosa,0
318,318,ENN,Unicycler,319,3507,Escherichia_coli,0
319,319,ENN,Unicycler,320,3501,Lactobacillus_fermentum,0
320,320,ENN,Unicycler,321,3469,Salmonella_enterica,0
321,321,ENN,Unicycler,322,3395,Escherichia_coli,0
322,322,ENN,Unicycler,323,3378,Pseudomonas_aeruginosa,0
323,323,ENN,Unicycler,324,3350,Lactobacillus_fermentum,0
324,324,ENN,Unicycler,325,3208,Pseudomonas_aeruginosa,0
325,325,ENN,Unicycler,326,3188,Escherichia_coli,0
326,326,ENN,Unicycler,327,3186,Lactobacillus_fermentum,0
327,327,ENN,Unicycler,328,3184,Lactobacillus_fermentum,0
328,328,ENN,Unicycler,329,3063,Salmonella_enterica,0
329,329,ENN,Unicycler,330,3063,Escherichia_coli,0
330,330,ENN,Unicycler,331,3002,Salmonella_enterica,0
331,331,ENN,Unicycler,332,2981,Lactobacillus_fermentum,0
332,332,ENN,Unicycler,333,2947,Pseudomonas_aeruginosa,0
333,333,ENN,Unicycler,334,2919,Lactobacillus_fermentum,0
334,334,ENN,Unicycler,335,2895,Staphylococcus_aureus_plasmid3,0
335,335,ENN,Unicycler,336,2806,Lactobacillus_fermentum,0
336,336,ENN,Unicycler,337,2744,Lactobacillus_fermentum,0
337,337,ENN,Unicycler,338,2682,Pseudomonas_aeruginosa,0
338,338,ENN,Unicycler,339,2602,Escherichia_coli,0
339,339,ENN,Unicycler,340,2582,Escherichia_coli,0
340,340,ENN,Unicycler,341,2487,Salmonella_enterica,0
341,341,ENN,Unicycler,342,2440,Bacillus_subtilis,0
342,342,ENN,Unicycler,343,2347,Salmonella_enterica,0
343,343,ENN,Unicycler,344,2311,Salmonella_enterica,0
344,344,ENN,Unicycler,345,2268,Listeria_monocytogenes,0
345,345,ENN,Unicycler,346,2183,Lactobacillus_fermentum,0
346,346,ENN,Unicycler,347,2173,Salmonella_enterica,0
347,347,ENN,Unicycler,348,2149,Escherichia_coli,0
348,348,ENN,Unicycler,349,2148,Pseudomonas_aeruginosa,0
349,349,ENN,Unicycler,350,2118,Staphylococcus_aureus_plasmid2,0
350,350,ENN,Unicycler,351,2051,Enterococcus_faecalis,0
351,351,ENN,Unicycler,352,2037,Pseudomonas_aeruginosa,0
352,352,ENN,Unicycler,353,2033,Lactobacillus_fermentum,0
353,353,ENN,Unicycler,354,1990,Lactobacillus_fermentum,0
354,354,ENN,Unicycler,355,1979,Escherichia_coli,0
355,355,ENN,Unicycler,356,1959,Pseudomonas_aeruginosa,0
356,356,ENN,Unicycler,357,1947,Salmonella_enterica,0
357,357,ENN,Unicycler,358,1922,Escherichia_coli,0
358,358,ENN,Unicycler,359,1852,Pseudomonas_aeruginosa,0
359,359,ENN,Unicycler,360,1806,Salmonella_enterica,0
360,360,ENN,Unicycler,361,1801,Pseudomonas_aeruginosa,0
361,361,ENN,Unicycler,362,1788,Salmonella_enterica,0
362,362,ENN,Unicycler,363,1761,Pseudomonas_aeruginosa,0
363,363,ENN,Unicycler,364,1751,Lactobacillus_fermentum,0
364,364,ENN,Unicycler,365,1737,Salmonella_enterica,0
365,365,ENN,Unicycler,366,1704,Lactobacillus_fermentum,0
366,366,ENN,Unicycler,367,1702,Lactobacillus_fermentum,0
367,367,ENN,Unicycler,368,1691,Escherichia_coli,0
368,368,ENN,Unicycler,369,1678,Salmonella_enterica,0
369,369,ENN,Unicycler,370,1622,Lactobacillus_fermentum,0
370,370,ENN,Unicycler,371,1614,Pseudomonas_aeruginosa,0
371,371,ENN,Unicycler,372,1614,Pseudomonas_aeruginosa,0
372,372,ENN,Unicycler,373,1575,Pseudomonas_aeruginosa,0
373,373,ENN,Unicycler,374,1523,Salmonella_enterica,0
374,374,ENN,Unicycler,375,1514,Salmonella_enterica,0
375,375,ENN,Unicycler,376,1514,Enterococcus_faecalis,0
376,376,ENN,Unicycler,377,1499,Lactobacillus_fermentum,0
377,377,ENN,Unicycler,378,1493,Listeria_monocytogenes,0
378,378,ENN,Unicycler,379,1477,Staphylococcus_aureus,0
379,379,ENN,Unicycler,380,1468,Pseudomonas_aeruginosa,0
380,380,ENN,Unicycler,381,1455,Pseudomonas_aeruginosa,0
381,381,ENN,Unicycler,382,1403,Escherichia_coli,0
382,382,ENN,Unicycler,383,1400,Lactobacillus_fermentum,0
383,383,ENN,Unicycler,384,1397,Enterococcus_faecalis,0
384,384,ENN,Unicycler,385,1383,Pseudomonas_aeruginosa,0
385,385,ENN,Unicycler,386,1367,Listeria_monocytogenes,0
386,386,ENN,Unicycler,387,1362,Bacillus_subtilis,0
387,387,ENN,Unicycler,388,1343,Escherichia_coli,0
388,388,ENN,Unicycler,389,1343,Lactobacillus_fermentum,0
389,389,ENN,Unicycler,390,1338,Lactobacillus_fermentum,0
390,390,ENN,Unicycler,391,1332,Escherichia_coli,0
391,391,ENN,Unicycler,392,1312,Salmonella_enterica,0
392,392,ENN,Unicycler,393,1301,Pseudomonas_aeruginosa,0
393,393,ENN,Unicycler,394,1283,Salmonella_enterica,0
394,394,ENN,Unicycler,395,1283,Escherichia_coli,0
395,395,ENN,Unicycler,396,1279,Escherichia_coli,0
396,396,ENN,Unicycler,397,1278,Salmonella_enterica,0
397,397,ENN,Unicycler,398,1262,Lactobacillus_fermentum,0
398,398,ENN,Unicycler,399,1258,Escherichia_coli,0
399,399,ENN,Unicycler,400,1258,Salmonella_enterica,0
400,400,ENN,Unicycler,401,1254,Salmonella_enterica,0
401,401,ENN,Unicycler,402,1254,Lactobacillus_fermentum,0
402,402,ENN,Unicycler,403,1237,Escherichia_coli,0
403,403,ENN,Unicycler,404,1232,Escherichia_coli,0
404,404,ENN,Unicycler,405,1231,Listeria_monocytogenes,0
405,405,ENN,Unicycler,406,1228,Pseudomonas_aeruginosa,0
406,406,ENN,Unicycler,407,1228,Escherichia_coli,0
407,407,ENN,Unicycler,408,1228,Salmonella_enterica,0
408,408,ENN,Unicycler,409,1224,Escherichia_coli,0
409,409,ENN,Unicycler,410,1221,Staphylococcus_aureus,0
410,410,ENN,Unicycler,411,1221,Escherichia_coli,0
411,411,ENN,Unicycler,412,1219,Salmonella_enterica,0
412,412,ENN,Unicycler,413,1217,Pseudomonas_aeruginosa,0
413,413,ENN,Unicycler,414,1197,Pseudomonas_aeruginosa,0
414,414,ENN,Unicycler,415,1183,Escherichia_coli,0
415,415,ENN,Unicycler,416,1183,Salmonella_enterica,0
416,416,ENN,Unicycler,417,1181,Pseudomonas_aeruginosa,0
417,417,ENN,Unicycler,418,1175,Escherichia_coli,0
418,418,ENN,Unicycler,419,1167,Pseudomonas_aeruginosa,0
419,419,ENN,Unicycler,420,1138,Escherichia_coli,0
420,420,ENN,Unicycler,421,1138,Salmonella_enterica,0
421,421,ENN,Unicycler,422,1106,Pseudomonas_aeruginosa,0
422,422,ENN,Unicycler,423,1102,Pseudomonas_aeruginosa,0
423,423,ENN,Unicycler,424,1100,Lactobacillus_fermentum,0
424,424,ENN,Unicycler,425,1094,Lactobacillus_fermentum,0
425,425,ENN,Unicycler,426,1093,Pseudomonas_aeruginosa,0
426,426,ENN,Unicycler,427,1085,Staphylococcus_aureus,0
427,427,ENN,Unicycler,428,1084,Escherichia_coli,0
428,428,ENN,Unicycler,429,1082,Escherichia_coli,0
429,429,ENN,Unicycler,430,1078,Escherichia_coli,0
430,430,ENN,Unicycler,431,1078,Salmonella_enterica,0
431,431,ENN,Unicycler,432,1073,Lactobacillus_fermentum,0
432,432,ENN,Unicycler,433,1057,Pseudomonas_aeruginosa,0
433,433,ENN,Unicycler,434,1048,Enterococcus_faecalis,0
434,434,ENN,Unicycler,435,1045,Salmonella_enterica,0
435,435,ENN,Unicycler,436,1034,Pseudomonas_aeruginosa,0
436,436,ENN,Unicycler,437,1024,Pseudomonas_aeruginosa,0
437,437,ENN,Unicycler,438,1012,Pseudomonas_aeruginosa,0
438,438,ENN,Unicycler,439,1000,Lactobacillus_fermentum,0
