,Reference,Assembler,NAx,Basepairs
0,Bacillus_subtilis,BCALM2,0,132084
1,Bacillus_subtilis,BCALM2,1,132084
2,Bacillus_subtilis,BCALM2,2,132084
3,Bacillus_subtilis,BCALM2,3,132084
4,Bacillus_subtilis,BCALM2,4,127934
5,Bacillus_subtilis,BCALM2,5,127934
6,Bacillus_subtilis,BCALM2,6,127934
7,Bacillus_subtilis,BCALM2,7,124837
8,Bacillus_subtilis,BCALM2,8,124837
9,Bacillus_subtilis,BCALM2,9,124837
10,Bacillus_subtilis,BCALM2,10,122458
11,Bacillus_subtilis,BCALM2,11,122458
12,Bacillus_subtilis,BCALM2,12,122458
13,Bacillus_subtilis,BCALM2,13,120969
14,Bacillus_subtilis,BCALM2,14,120969
15,Bacillus_subtilis,BCALM2,15,120969
16,Bacillus_subtilis,BCALM2,16,118623
17,Bacillus_subtilis,BCALM2,17,118623
18,Bacillus_subtilis,BCALM2,18,118623
19,Bacillus_subtilis,BCALM2,19,103892
20,Bacillus_subtilis,BCALM2,20,103892
21,Bacillus_subtilis,BCALM2,21,103892
22,Bacillus_subtilis,BCALM2,22,99700
23,Bacillus_subtilis,BCALM2,23,99700
24,Bacillus_subtilis,BCALM2,24,99700
25,Bacillus_subtilis,BCALM2,25,98729
26,Bacillus_subtilis,BCALM2,26,98729
27,Bacillus_subtilis,BCALM2,27,98666
28,Bacillus_subtilis,BCALM2,28,98666
29,Bacillus_subtilis,BCALM2,29,98666
30,Bacillus_subtilis,BCALM2,30,94919
31,Bacillus_subtilis,BCALM2,31,94919
32,Bacillus_subtilis,BCALM2,32,92807
33,Bacillus_subtilis,BCALM2,33,92807
34,Bacillus_subtilis,BCALM2,34,78694
35,Bacillus_subtilis,BCALM2,35,78694
36,Bacillus_subtilis,BCALM2,36,77357
37,Bacillus_subtilis,BCALM2,37,77357
38,Bacillus_subtilis,BCALM2,38,76544
39,Bacillus_subtilis,BCALM2,39,76544
40,Bacillus_subtilis,BCALM2,40,73760
41,Bacillus_subtilis,BCALM2,41,73760
42,Bacillus_subtilis,BCALM2,42,72434
43,Bacillus_subtilis,BCALM2,43,72434
44,Bacillus_subtilis,BCALM2,44,71660
45,Bacillus_subtilis,BCALM2,45,71660
46,Bacillus_subtilis,BCALM2,46,69826
47,Bacillus_subtilis,BCALM2,47,69010
48,Bacillus_subtilis,BCALM2,48,69010
49,Bacillus_subtilis,BCALM2,49,65138
50,Bacillus_subtilis,BCALM2,50,65138
51,Bacillus_subtilis,BCALM2,51,64934
52,Bacillus_subtilis,BCALM2,52,63199
53,Bacillus_subtilis,BCALM2,53,63199
54,Bacillus_subtilis,BCALM2,54,62539
55,Bacillus_subtilis,BCALM2,55,62539
56,Bacillus_subtilis,BCALM2,56,58393
57,Bacillus_subtilis,BCALM2,57,56828
58,Bacillus_subtilis,BCALM2,58,56828
59,Bacillus_subtilis,BCALM2,59,56211
60,Bacillus_subtilis,BCALM2,60,55052
61,Bacillus_subtilis,BCALM2,61,54268
62,Bacillus_subtilis,BCALM2,62,54268
63,Bacillus_subtilis,BCALM2,63,54122
64,Bacillus_subtilis,BCALM2,64,52285
65,Bacillus_subtilis,BCALM2,65,50907
66,Bacillus_subtilis,BCALM2,66,50907
67,Bacillus_subtilis,BCALM2,67,48017
68,Bacillus_subtilis,BCALM2,68,47537
69,Bacillus_subtilis,BCALM2,69,43056
70,Bacillus_subtilis,BCALM2,70,40051
71,Bacillus_subtilis,BCALM2,71,38392
72,Bacillus_subtilis,BCALM2,72,37222
73,Bacillus_subtilis,BCALM2,73,37011
74,Bacillus_subtilis,BCALM2,74,36788
75,Bacillus_subtilis,BCALM2,75,34894
76,Bacillus_subtilis,BCALM2,76,34762
77,Bacillus_subtilis,BCALM2,77,34627
78,Bacillus_subtilis,BCALM2,78,33728
79,Bacillus_subtilis,BCALM2,79,33507
80,Bacillus_subtilis,BCALM2,80,32916
81,Bacillus_subtilis,BCALM2,81,30985
82,Bacillus_subtilis,BCALM2,82,29149
83,Bacillus_subtilis,BCALM2,83,26545
84,Bacillus_subtilis,BCALM2,84,25644
85,Bacillus_subtilis,BCALM2,85,25257
86,Bacillus_subtilis,BCALM2,86,24109
87,Bacillus_subtilis,BCALM2,87,22993
88,Bacillus_subtilis,BCALM2,88,22680
89,Bacillus_subtilis,BCALM2,89,21268
90,Bacillus_subtilis,BCALM2,90,20149
91,Bacillus_subtilis,BCALM2,91,18110
92,Bacillus_subtilis,BCALM2,92,17522
93,Bacillus_subtilis,BCALM2,93,16631
94,Bacillus_subtilis,BCALM2,94,14286
95,Bacillus_subtilis,BCALM2,95,14089
96,Bacillus_subtilis,BCALM2,96,10879
97,Bacillus_subtilis,BCALM2,97,9118
98,Bacillus_subtilis,BCALM2,98,5861
99,Bacillus_subtilis,BCALM2,99,3374
100,Bacillus_subtilis,BCALM2,100,1012
101,Enterococcus_faecalis,BCALM2,0,130628
102,Enterococcus_faecalis,BCALM2,1,130628
103,Enterococcus_faecalis,BCALM2,2,130628
104,Enterococcus_faecalis,BCALM2,3,130628
105,Enterococcus_faecalis,BCALM2,4,130628
106,Enterococcus_faecalis,BCALM2,5,80235
107,Enterococcus_faecalis,BCALM2,6,80235
108,Enterococcus_faecalis,BCALM2,7,80235
109,Enterococcus_faecalis,BCALM2,8,72815
110,Enterococcus_faecalis,BCALM2,9,72815
111,Enterococcus_faecalis,BCALM2,10,72815
112,Enterococcus_faecalis,BCALM2,11,60508
113,Enterococcus_faecalis,BCALM2,12,60508
114,Enterococcus_faecalis,BCALM2,13,59082
115,Enterococcus_faecalis,BCALM2,14,59082
116,Enterococcus_faecalis,BCALM2,15,58845
117,Enterococcus_faecalis,BCALM2,16,58845
118,Enterococcus_faecalis,BCALM2,17,58693
119,Enterococcus_faecalis,BCALM2,18,58693
120,Enterococcus_faecalis,BCALM2,19,58693
121,Enterococcus_faecalis,BCALM2,20,54893
122,Enterococcus_faecalis,BCALM2,21,54893
123,Enterococcus_faecalis,BCALM2,22,51427
124,Enterococcus_faecalis,BCALM2,23,50425
125,Enterococcus_faecalis,BCALM2,24,50425
126,Enterococcus_faecalis,BCALM2,25,49176
127,Enterococcus_faecalis,BCALM2,26,49176
128,Enterococcus_faecalis,BCALM2,27,47539
129,Enterococcus_faecalis,BCALM2,28,47539
130,Enterococcus_faecalis,BCALM2,29,46840
131,Enterococcus_faecalis,BCALM2,30,46840
132,Enterococcus_faecalis,BCALM2,31,46239
133,Enterococcus_faecalis,BCALM2,32,40626
134,Enterococcus_faecalis,BCALM2,33,40626
135,Enterococcus_faecalis,BCALM2,34,40506
136,Enterococcus_faecalis,BCALM2,35,40136
137,Enterococcus_faecalis,BCALM2,36,40136
138,Enterococcus_faecalis,BCALM2,37,38987
139,Enterococcus_faecalis,BCALM2,38,38557
140,Enterococcus_faecalis,BCALM2,39,37019
141,Enterococcus_faecalis,BCALM2,40,37019
142,Enterococcus_faecalis,BCALM2,41,35624
143,Enterococcus_faecalis,BCALM2,42,34850
144,Enterococcus_faecalis,BCALM2,43,34471
145,Enterococcus_faecalis,BCALM2,44,34471
146,Enterococcus_faecalis,BCALM2,45,34423
147,Enterococcus_faecalis,BCALM2,46,34354
148,Enterococcus_faecalis,BCALM2,47,32898
149,Enterococcus_faecalis,BCALM2,48,32803
150,Enterococcus_faecalis,BCALM2,49,32803
151,Enterococcus_faecalis,BCALM2,50,30453
152,Enterococcus_faecalis,BCALM2,51,30452
153,Enterococcus_faecalis,BCALM2,52,30356
154,Enterococcus_faecalis,BCALM2,53,29183
155,Enterococcus_faecalis,BCALM2,54,29167
156,Enterococcus_faecalis,BCALM2,55,27836
157,Enterococcus_faecalis,BCALM2,56,26365
158,Enterococcus_faecalis,BCALM2,57,26282
159,Enterococcus_faecalis,BCALM2,58,25557
160,Enterococcus_faecalis,BCALM2,59,25107
161,Enterococcus_faecalis,BCALM2,60,24005
162,Enterococcus_faecalis,BCALM2,61,23353
163,Enterococcus_faecalis,BCALM2,62,22748
164,Enterococcus_faecalis,BCALM2,63,22593
165,Enterococcus_faecalis,BCALM2,64,22204
166,Enterococcus_faecalis,BCALM2,65,22141
167,Enterococcus_faecalis,BCALM2,66,20589
168,Enterococcus_faecalis,BCALM2,67,19882
169,Enterococcus_faecalis,BCALM2,68,19737
170,Enterococcus_faecalis,BCALM2,69,19680
171,Enterococcus_faecalis,BCALM2,70,19442
172,Enterococcus_faecalis,BCALM2,71,19394
173,Enterococcus_faecalis,BCALM2,72,17610
174,Enterococcus_faecalis,BCALM2,73,17232
175,Enterococcus_faecalis,BCALM2,74,16589
176,Enterococcus_faecalis,BCALM2,75,16498
177,Enterococcus_faecalis,BCALM2,76,16098
178,Enterococcus_faecalis,BCALM2,77,15428
179,Enterococcus_faecalis,BCALM2,78,14834
180,Enterococcus_faecalis,BCALM2,79,13583
181,Enterococcus_faecalis,BCALM2,80,13060
182,Enterococcus_faecalis,BCALM2,81,12760
183,Enterococcus_faecalis,BCALM2,82,12203
184,Enterococcus_faecalis,BCALM2,83,11318
185,Enterococcus_faecalis,BCALM2,84,11168
186,Enterococcus_faecalis,BCALM2,85,10373
187,Enterococcus_faecalis,BCALM2,86,9941
188,Enterococcus_faecalis,BCALM2,87,9798
189,Enterococcus_faecalis,BCALM2,88,9762
190,Enterococcus_faecalis,BCALM2,89,9124
191,Enterococcus_faecalis,BCALM2,90,8607
192,Enterococcus_faecalis,BCALM2,91,7149
193,Enterococcus_faecalis,BCALM2,92,6715
194,Enterococcus_faecalis,BCALM2,93,6540
195,Enterococcus_faecalis,BCALM2,94,6026
196,Enterococcus_faecalis,BCALM2,95,5750
197,Enterococcus_faecalis,BCALM2,96,5140
198,Enterococcus_faecalis,BCALM2,97,3638
199,Enterococcus_faecalis,BCALM2,98,2877
200,Enterococcus_faecalis,BCALM2,99,1928
201,Enterococcus_faecalis,BCALM2,100,1125
202,Escherichia_coli_plasmid,BCALM2,0,6891
203,Escherichia_coli_plasmid,BCALM2,1,6891
204,Escherichia_coli_plasmid,BCALM2,2,6891
205,Escherichia_coli_plasmid,BCALM2,3,6891
206,Escherichia_coli_plasmid,BCALM2,4,6891
207,Escherichia_coli_plasmid,BCALM2,5,6891
208,Escherichia_coli_plasmid,BCALM2,6,6891
209,Escherichia_coli_plasmid,BCALM2,7,6891
210,Escherichia_coli_plasmid,BCALM2,8,6216
211,Escherichia_coli_plasmid,BCALM2,9,6216
212,Escherichia_coli_plasmid,BCALM2,10,6216
213,Escherichia_coli_plasmid,BCALM2,11,6216
214,Escherichia_coli_plasmid,BCALM2,12,6216
215,Escherichia_coli_plasmid,BCALM2,13,6216
216,Escherichia_coli_plasmid,BCALM2,14,6216
217,Escherichia_coli_plasmid,BCALM2,15,5570
218,Escherichia_coli_plasmid,BCALM2,16,5570
219,Escherichia_coli_plasmid,BCALM2,17,5570
220,Escherichia_coli_plasmid,BCALM2,18,5570
221,Escherichia_coli_plasmid,BCALM2,19,5570
222,Escherichia_coli_plasmid,BCALM2,20,5570
223,Escherichia_coli_plasmid,BCALM2,21,5269
224,Escherichia_coli_plasmid,BCALM2,22,5269
225,Escherichia_coli_plasmid,BCALM2,23,5269
226,Escherichia_coli_plasmid,BCALM2,24,5269
227,Escherichia_coli_plasmid,BCALM2,25,5269
228,Escherichia_coli_plasmid,BCALM2,26,5269
229,Escherichia_coli_plasmid,BCALM2,27,4750
230,Escherichia_coli_plasmid,BCALM2,28,4750
231,Escherichia_coli_plasmid,BCALM2,29,4750
232,Escherichia_coli_plasmid,BCALM2,30,4750
233,Escherichia_coli_plasmid,BCALM2,31,4750
234,Escherichia_coli_plasmid,BCALM2,32,4148
235,Escherichia_coli_plasmid,BCALM2,33,4148
236,Escherichia_coli_plasmid,BCALM2,34,4148
237,Escherichia_coli_plasmid,BCALM2,35,4148
238,Escherichia_coli_plasmid,BCALM2,36,3778
239,Escherichia_coli_plasmid,BCALM2,37,3778
240,Escherichia_coli_plasmid,BCALM2,38,3778
241,Escherichia_coli_plasmid,BCALM2,39,3778
242,Escherichia_coli_plasmid,BCALM2,40,3778
243,Escherichia_coli_plasmid,BCALM2,41,3341
244,Escherichia_coli_plasmid,BCALM2,42,3341
245,Escherichia_coli_plasmid,BCALM2,43,3341
246,Escherichia_coli_plasmid,BCALM2,44,3299
247,Escherichia_coli_plasmid,BCALM2,45,3299
248,Escherichia_coli_plasmid,BCALM2,46,3299
249,Escherichia_coli_plasmid,BCALM2,47,3299
250,Escherichia_coli_plasmid,BCALM2,48,3190
251,Escherichia_coli_plasmid,BCALM2,49,3190
252,Escherichia_coli_plasmid,BCALM2,50,3190
253,Escherichia_coli_plasmid,BCALM2,51,3163
254,Escherichia_coli_plasmid,BCALM2,52,3163
255,Escherichia_coli_plasmid,BCALM2,53,3163
256,Escherichia_coli_plasmid,BCALM2,54,3163
257,Escherichia_coli_plasmid,BCALM2,55,3150
258,Escherichia_coli_plasmid,BCALM2,56,3150
259,Escherichia_coli_plasmid,BCALM2,57,3150
260,Escherichia_coli_plasmid,BCALM2,58,3109
261,Escherichia_coli_plasmid,BCALM2,59,3109
262,Escherichia_coli_plasmid,BCALM2,60,3109
263,Escherichia_coli_plasmid,BCALM2,61,3109
264,Escherichia_coli_plasmid,BCALM2,62,2448
265,Escherichia_coli_plasmid,BCALM2,63,2448
266,Escherichia_coli_plasmid,BCALM2,64,2350
267,Escherichia_coli_plasmid,BCALM2,65,2350
268,Escherichia_coli_plasmid,BCALM2,66,2350
269,Escherichia_coli_plasmid,BCALM2,67,2331
270,Escherichia_coli_plasmid,BCALM2,68,2331
271,Escherichia_coli_plasmid,BCALM2,69,2331
272,Escherichia_coli_plasmid,BCALM2,70,2182
273,Escherichia_coli_plasmid,BCALM2,71,2182
274,Escherichia_coli_plasmid,BCALM2,72,2136
275,Escherichia_coli_plasmid,BCALM2,73,2136
276,Escherichia_coli_plasmid,BCALM2,74,2123
277,Escherichia_coli_plasmid,BCALM2,75,2123
278,Escherichia_coli_plasmid,BCALM2,76,2123
279,Escherichia_coli_plasmid,BCALM2,77,2095
280,Escherichia_coli_plasmid,BCALM2,78,2095
281,Escherichia_coli_plasmid,BCALM2,79,1986
282,Escherichia_coli_plasmid,BCALM2,80,1986
283,Escherichia_coli_plasmid,BCALM2,81,1903
284,Escherichia_coli_plasmid,BCALM2,82,1903
285,Escherichia_coli_plasmid,BCALM2,83,1753
286,Escherichia_coli_plasmid,BCALM2,84,1753
287,Escherichia_coli_plasmid,BCALM2,85,1753
288,Escherichia_coli_plasmid,BCALM2,86,1753
289,Escherichia_coli_plasmid,BCALM2,87,1710
290,Escherichia_coli_plasmid,BCALM2,88,1710
291,Escherichia_coli_plasmid,BCALM2,89,1476
292,Escherichia_coli_plasmid,BCALM2,90,1439
293,Escherichia_coli_plasmid,BCALM2,91,1439
294,Escherichia_coli_plasmid,BCALM2,92,1432
295,Escherichia_coli_plasmid,BCALM2,93,1432
296,Escherichia_coli_plasmid,BCALM2,94,1410
297,Escherichia_coli_plasmid,BCALM2,95,1390
298,Escherichia_coli_plasmid,BCALM2,96,1390
299,Escherichia_coli_plasmid,BCALM2,97,1293
300,Escherichia_coli_plasmid,BCALM2,98,1099
301,Escherichia_coli_plasmid,BCALM2,99,1098
302,Escherichia_coli_plasmid,BCALM2,100,1098
303,Escherichia_coli,BCALM2,0,54070
304,Escherichia_coli,BCALM2,1,54070
305,Escherichia_coli,BCALM2,2,30261
306,Escherichia_coli,BCALM2,3,24197
307,Escherichia_coli,BCALM2,4,23333
308,Escherichia_coli,BCALM2,5,22247
309,Escherichia_coli,BCALM2,6,21407
310,Escherichia_coli,BCALM2,7,21034
311,Escherichia_coli,BCALM2,8,19892
312,Escherichia_coli,BCALM2,9,17562
313,Escherichia_coli,BCALM2,10,15962
314,Escherichia_coli,BCALM2,11,15524
315,Escherichia_coli,BCALM2,12,14064
316,Escherichia_coli,BCALM2,13,13234
317,Escherichia_coli,BCALM2,14,12708
318,Escherichia_coli,BCALM2,15,12450
319,Escherichia_coli,BCALM2,16,11816
320,Escherichia_coli,BCALM2,17,11605
321,Escherichia_coli,BCALM2,18,10905
322,Escherichia_coli,BCALM2,19,10733
323,Escherichia_coli,BCALM2,20,10652
324,Escherichia_coli,BCALM2,21,10361
325,Escherichia_coli,BCALM2,22,9922
326,Escherichia_coli,BCALM2,23,9608
327,Escherichia_coli,BCALM2,24,9392
328,Escherichia_coli,BCALM2,25,9233
329,Escherichia_coli,BCALM2,26,9069
330,Escherichia_coli,BCALM2,27,8730
331,Escherichia_coli,BCALM2,28,8395
332,Escherichia_coli,BCALM2,29,8220
333,Escherichia_coli,BCALM2,30,8046
334,Escherichia_coli,BCALM2,31,7908
335,Escherichia_coli,BCALM2,32,7683
336,Escherichia_coli,BCALM2,33,7568
337,Escherichia_coli,BCALM2,34,7390
338,Escherichia_coli,BCALM2,35,7237
339,Escherichia_coli,BCALM2,36,7049
340,Escherichia_coli,BCALM2,37,6667
341,Escherichia_coli,BCALM2,38,6468
342,Escherichia_coli,BCALM2,39,6225
343,Escherichia_coli,BCALM2,40,5874
344,Escherichia_coli,BCALM2,41,5770
345,Escherichia_coli,BCALM2,42,5573
346,Escherichia_coli,BCALM2,43,5412
347,Escherichia_coli,BCALM2,44,5233
348,Escherichia_coli,BCALM2,45,5091
349,Escherichia_coli,BCALM2,46,4928
350,Escherichia_coli,BCALM2,47,4855
351,Escherichia_coli,BCALM2,48,4619
352,Escherichia_coli,BCALM2,49,4558
353,Escherichia_coli,BCALM2,50,4465
354,Escherichia_coli,BCALM2,51,4428
355,Escherichia_coli,BCALM2,52,4341
356,Escherichia_coli,BCALM2,53,4210
357,Escherichia_coli,BCALM2,54,4112
358,Escherichia_coli,BCALM2,55,4015
359,Escherichia_coli,BCALM2,56,3840
360,Escherichia_coli,BCALM2,57,3742
361,Escherichia_coli,BCALM2,58,3644
362,Escherichia_coli,BCALM2,59,3588
363,Escherichia_coli,BCALM2,60,3502
364,Escherichia_coli,BCALM2,61,3373
365,Escherichia_coli,BCALM2,62,3316
366,Escherichia_coli,BCALM2,63,3211
367,Escherichia_coli,BCALM2,64,3123
368,Escherichia_coli,BCALM2,65,3083
369,Escherichia_coli,BCALM2,66,2987
370,Escherichia_coli,BCALM2,67,2883
371,Escherichia_coli,BCALM2,68,2811
372,Escherichia_coli,BCALM2,69,2741
373,Escherichia_coli,BCALM2,70,2661
374,Escherichia_coli,BCALM2,71,2586
375,Escherichia_coli,BCALM2,72,2550
376,Escherichia_coli,BCALM2,73,2493
377,Escherichia_coli,BCALM2,74,2446
378,Escherichia_coli,BCALM2,75,2391
379,Escherichia_coli,BCALM2,76,2330
380,Escherichia_coli,BCALM2,77,2245
381,Escherichia_coli,BCALM2,78,2181
382,Escherichia_coli,BCALM2,79,2122
383,Escherichia_coli,BCALM2,80,2067
384,Escherichia_coli,BCALM2,81,2029
385,Escherichia_coli,BCALM2,82,1978
386,Escherichia_coli,BCALM2,83,1902
387,Escherichia_coli,BCALM2,84,1841
388,Escherichia_coli,BCALM2,85,1782
389,Escherichia_coli,BCALM2,86,1738
390,Escherichia_coli,BCALM2,87,1675
391,Escherichia_coli,BCALM2,88,1592
392,Escherichia_coli,BCALM2,89,1520
393,Escherichia_coli,BCALM2,90,1467
394,Escherichia_coli,BCALM2,91,1418
395,Escherichia_coli,BCALM2,92,1367
396,Escherichia_coli,BCALM2,93,1328
397,Escherichia_coli,BCALM2,94,1284
398,Escherichia_coli,BCALM2,95,1222
399,Escherichia_coli,BCALM2,96,1174
400,Escherichia_coli,BCALM2,97,1132
401,Escherichia_coli,BCALM2,98,1089
402,Escherichia_coli,BCALM2,99,1042
403,Escherichia_coli,BCALM2,100,1002
404,Lactobacillus_fermentum,BCALM2,0,66009
405,Lactobacillus_fermentum,BCALM2,1,66009
406,Lactobacillus_fermentum,BCALM2,2,66009
407,Lactobacillus_fermentum,BCALM2,3,66009
408,Lactobacillus_fermentum,BCALM2,4,49846
409,Lactobacillus_fermentum,BCALM2,5,49846
410,Lactobacillus_fermentum,BCALM2,6,49846
411,Lactobacillus_fermentum,BCALM2,7,36832
412,Lactobacillus_fermentum,BCALM2,8,36832
413,Lactobacillus_fermentum,BCALM2,9,33800
414,Lactobacillus_fermentum,BCALM2,10,33800
415,Lactobacillus_fermentum,BCALM2,11,32741
416,Lactobacillus_fermentum,BCALM2,12,32741
417,Lactobacillus_fermentum,BCALM2,13,31764
418,Lactobacillus_fermentum,BCALM2,14,31764
419,Lactobacillus_fermentum,BCALM2,15,30508
420,Lactobacillus_fermentum,BCALM2,16,30508
421,Lactobacillus_fermentum,BCALM2,17,30412
422,Lactobacillus_fermentum,BCALM2,18,28264
423,Lactobacillus_fermentum,BCALM2,19,28264
424,Lactobacillus_fermentum,BCALM2,20,27368
425,Lactobacillus_fermentum,BCALM2,21,27368
426,Lactobacillus_fermentum,BCALM2,22,26836
427,Lactobacillus_fermentum,BCALM2,23,25661
428,Lactobacillus_fermentum,BCALM2,24,25661
429,Lactobacillus_fermentum,BCALM2,25,25152
430,Lactobacillus_fermentum,BCALM2,26,24857
431,Lactobacillus_fermentum,BCALM2,27,24708
432,Lactobacillus_fermentum,BCALM2,28,24708
433,Lactobacillus_fermentum,BCALM2,29,21029
434,Lactobacillus_fermentum,BCALM2,30,20954
435,Lactobacillus_fermentum,BCALM2,31,20520
436,Lactobacillus_fermentum,BCALM2,32,20227
437,Lactobacillus_fermentum,BCALM2,33,20227
438,Lactobacillus_fermentum,BCALM2,34,20116
439,Lactobacillus_fermentum,BCALM2,35,20012
440,Lactobacillus_fermentum,BCALM2,36,18727
441,Lactobacillus_fermentum,BCALM2,37,15189
442,Lactobacillus_fermentum,BCALM2,38,14406
443,Lactobacillus_fermentum,BCALM2,39,14174
444,Lactobacillus_fermentum,BCALM2,40,13798
445,Lactobacillus_fermentum,BCALM2,41,13456
446,Lactobacillus_fermentum,BCALM2,42,13423
447,Lactobacillus_fermentum,BCALM2,43,12686
448,Lactobacillus_fermentum,BCALM2,44,12294
449,Lactobacillus_fermentum,BCALM2,45,11775
450,Lactobacillus_fermentum,BCALM2,46,11549
451,Lactobacillus_fermentum,BCALM2,47,11486
452,Lactobacillus_fermentum,BCALM2,48,11426
453,Lactobacillus_fermentum,BCALM2,49,11293
454,Lactobacillus_fermentum,BCALM2,50,11209
455,Lactobacillus_fermentum,BCALM2,51,11117
456,Lactobacillus_fermentum,BCALM2,52,10966
457,Lactobacillus_fermentum,BCALM2,53,10912
458,Lactobacillus_fermentum,BCALM2,54,10234
459,Lactobacillus_fermentum,BCALM2,55,10225
460,Lactobacillus_fermentum,BCALM2,56,9749
461,Lactobacillus_fermentum,BCALM2,57,9563
462,Lactobacillus_fermentum,BCALM2,58,9429
463,Lactobacillus_fermentum,BCALM2,59,9276
464,Lactobacillus_fermentum,BCALM2,60,9161
465,Lactobacillus_fermentum,BCALM2,61,9098
466,Lactobacillus_fermentum,BCALM2,62,9080
467,Lactobacillus_fermentum,BCALM2,63,8867
468,Lactobacillus_fermentum,BCALM2,64,8784
469,Lactobacillus_fermentum,BCALM2,65,8709
470,Lactobacillus_fermentum,BCALM2,66,8468
471,Lactobacillus_fermentum,BCALM2,67,8209
472,Lactobacillus_fermentum,BCALM2,68,7939
473,Lactobacillus_fermentum,BCALM2,69,7820
474,Lactobacillus_fermentum,BCALM2,70,7471
475,Lactobacillus_fermentum,BCALM2,71,7425
476,Lactobacillus_fermentum,BCALM2,72,7244
477,Lactobacillus_fermentum,BCALM2,73,7125
478,Lactobacillus_fermentum,BCALM2,74,6890
479,Lactobacillus_fermentum,BCALM2,75,6786
480,Lactobacillus_fermentum,BCALM2,76,6649
481,Lactobacillus_fermentum,BCALM2,77,6466
482,Lactobacillus_fermentum,BCALM2,78,6403
483,Lactobacillus_fermentum,BCALM2,79,5890
484,Lactobacillus_fermentum,BCALM2,80,5780
485,Lactobacillus_fermentum,BCALM2,81,5438
486,Lactobacillus_fermentum,BCALM2,82,4979
487,Lactobacillus_fermentum,BCALM2,83,4744
488,Lactobacillus_fermentum,BCALM2,84,4475
489,Lactobacillus_fermentum,BCALM2,85,4218
490,Lactobacillus_fermentum,BCALM2,86,3805
491,Lactobacillus_fermentum,BCALM2,87,3561
492,Lactobacillus_fermentum,BCALM2,88,3409
493,Lactobacillus_fermentum,BCALM2,89,3228
494,Lactobacillus_fermentum,BCALM2,90,3158
495,Lactobacillus_fermentum,BCALM2,91,2978
496,Lactobacillus_fermentum,BCALM2,92,2843
497,Lactobacillus_fermentum,BCALM2,93,2714
498,Lactobacillus_fermentum,BCALM2,94,2557
499,Lactobacillus_fermentum,BCALM2,95,2177
500,Lactobacillus_fermentum,BCALM2,96,1980
501,Lactobacillus_fermentum,BCALM2,97,1754
502,Lactobacillus_fermentum,BCALM2,98,1618
503,Lactobacillus_fermentum,BCALM2,99,1317
504,Lactobacillus_fermentum,BCALM2,100,1001
505,Listeria_monocytogenes,BCALM2,0,161812
506,Listeria_monocytogenes,BCALM2,1,161812
507,Listeria_monocytogenes,BCALM2,2,161812
508,Listeria_monocytogenes,BCALM2,3,161812
509,Listeria_monocytogenes,BCALM2,4,161812
510,Listeria_monocytogenes,BCALM2,5,161812
511,Listeria_monocytogenes,BCALM2,6,102298
512,Listeria_monocytogenes,BCALM2,7,102298
513,Listeria_monocytogenes,BCALM2,8,102298
514,Listeria_monocytogenes,BCALM2,9,102298
515,Listeria_monocytogenes,BCALM2,10,97170
516,Listeria_monocytogenes,BCALM2,11,97170
517,Listeria_monocytogenes,BCALM2,12,97170
518,Listeria_monocytogenes,BCALM2,13,90282
519,Listeria_monocytogenes,BCALM2,14,90282
520,Listeria_monocytogenes,BCALM2,15,90282
521,Listeria_monocytogenes,BCALM2,16,87316
522,Listeria_monocytogenes,BCALM2,17,87316
523,Listeria_monocytogenes,BCALM2,18,87316
524,Listeria_monocytogenes,BCALM2,19,80538
525,Listeria_monocytogenes,BCALM2,20,80538
526,Listeria_monocytogenes,BCALM2,21,80538
527,Listeria_monocytogenes,BCALM2,22,71749
528,Listeria_monocytogenes,BCALM2,23,71749
529,Listeria_monocytogenes,BCALM2,24,64777
530,Listeria_monocytogenes,BCALM2,25,64777
531,Listeria_monocytogenes,BCALM2,26,64451
532,Listeria_monocytogenes,BCALM2,27,64451
533,Listeria_monocytogenes,BCALM2,28,64451
534,Listeria_monocytogenes,BCALM2,29,64356
535,Listeria_monocytogenes,BCALM2,30,64356
536,Listeria_monocytogenes,BCALM2,31,62493
537,Listeria_monocytogenes,BCALM2,32,62493
538,Listeria_monocytogenes,BCALM2,33,59845
539,Listeria_monocytogenes,BCALM2,34,59845
540,Listeria_monocytogenes,BCALM2,35,54651
541,Listeria_monocytogenes,BCALM2,36,54651
542,Listeria_monocytogenes,BCALM2,37,54587
543,Listeria_monocytogenes,BCALM2,38,54587
544,Listeria_monocytogenes,BCALM2,39,54570
545,Listeria_monocytogenes,BCALM2,40,54570
546,Listeria_monocytogenes,BCALM2,41,54115
547,Listeria_monocytogenes,BCALM2,42,52654
548,Listeria_monocytogenes,BCALM2,43,52654
549,Listeria_monocytogenes,BCALM2,44,51199
550,Listeria_monocytogenes,BCALM2,45,51199
551,Listeria_monocytogenes,BCALM2,46,47769
552,Listeria_monocytogenes,BCALM2,47,47769
553,Listeria_monocytogenes,BCALM2,48,46963
554,Listeria_monocytogenes,BCALM2,49,46368
555,Listeria_monocytogenes,BCALM2,50,46368
556,Listeria_monocytogenes,BCALM2,51,44353
557,Listeria_monocytogenes,BCALM2,52,44320
558,Listeria_monocytogenes,BCALM2,53,44320
559,Listeria_monocytogenes,BCALM2,54,39383
560,Listeria_monocytogenes,BCALM2,55,38879
561,Listeria_monocytogenes,BCALM2,56,38879
562,Listeria_monocytogenes,BCALM2,57,38246
563,Listeria_monocytogenes,BCALM2,58,37618
564,Listeria_monocytogenes,BCALM2,59,36934
565,Listeria_monocytogenes,BCALM2,60,36342
566,Listeria_monocytogenes,BCALM2,61,36342
567,Listeria_monocytogenes,BCALM2,62,35769
568,Listeria_monocytogenes,BCALM2,63,34801
569,Listeria_monocytogenes,BCALM2,64,32700
570,Listeria_monocytogenes,BCALM2,65,31701
571,Listeria_monocytogenes,BCALM2,66,31348
572,Listeria_monocytogenes,BCALM2,67,30498
573,Listeria_monocytogenes,BCALM2,68,30203
574,Listeria_monocytogenes,BCALM2,69,29781
575,Listeria_monocytogenes,BCALM2,70,29321
576,Listeria_monocytogenes,BCALM2,71,29202
577,Listeria_monocytogenes,BCALM2,72,28569
578,Listeria_monocytogenes,BCALM2,73,28180
579,Listeria_monocytogenes,BCALM2,74,28179
580,Listeria_monocytogenes,BCALM2,75,27395
581,Listeria_monocytogenes,BCALM2,76,26164
582,Listeria_monocytogenes,BCALM2,77,26063
583,Listeria_monocytogenes,BCALM2,78,24123
584,Listeria_monocytogenes,BCALM2,79,23513
585,Listeria_monocytogenes,BCALM2,80,22848
586,Listeria_monocytogenes,BCALM2,81,20323
587,Listeria_monocytogenes,BCALM2,82,19222
588,Listeria_monocytogenes,BCALM2,83,17258
589,Listeria_monocytogenes,BCALM2,84,16600
590,Listeria_monocytogenes,BCALM2,85,16548
591,Listeria_monocytogenes,BCALM2,86,15565
592,Listeria_monocytogenes,BCALM2,87,14818
593,Listeria_monocytogenes,BCALM2,88,14328
594,Listeria_monocytogenes,BCALM2,89,14002
595,Listeria_monocytogenes,BCALM2,90,11384
596,Listeria_monocytogenes,BCALM2,91,10584
597,Listeria_monocytogenes,BCALM2,92,9743
598,Listeria_monocytogenes,BCALM2,93,8662
599,Listeria_monocytogenes,BCALM2,94,7121
600,Listeria_monocytogenes,BCALM2,95,6733
601,Listeria_monocytogenes,BCALM2,96,5999
602,Listeria_monocytogenes,BCALM2,97,4513
603,Listeria_monocytogenes,BCALM2,98,4021
604,Listeria_monocytogenes,BCALM2,99,2246
605,Listeria_monocytogenes,BCALM2,100,1056
606,Pseudomonas_aeruginosa,BCALM2,0,105985
607,Pseudomonas_aeruginosa,BCALM2,1,105985
608,Pseudomonas_aeruginosa,BCALM2,2,88807
609,Pseudomonas_aeruginosa,BCALM2,3,71013
610,Pseudomonas_aeruginosa,BCALM2,4,71013
611,Pseudomonas_aeruginosa,BCALM2,5,64198
612,Pseudomonas_aeruginosa,BCALM2,6,63371
613,Pseudomonas_aeruginosa,BCALM2,7,60187
614,Pseudomonas_aeruginosa,BCALM2,8,57582
615,Pseudomonas_aeruginosa,BCALM2,9,55340
616,Pseudomonas_aeruginosa,BCALM2,10,54738
617,Pseudomonas_aeruginosa,BCALM2,11,53349
618,Pseudomonas_aeruginosa,BCALM2,12,52779
619,Pseudomonas_aeruginosa,BCALM2,13,49796
620,Pseudomonas_aeruginosa,BCALM2,14,48866
621,Pseudomonas_aeruginosa,BCALM2,15,48817
622,Pseudomonas_aeruginosa,BCALM2,16,45641
623,Pseudomonas_aeruginosa,BCALM2,17,45484
624,Pseudomonas_aeruginosa,BCALM2,18,44582
625,Pseudomonas_aeruginosa,BCALM2,19,43826
626,Pseudomonas_aeruginosa,BCALM2,20,43001
627,Pseudomonas_aeruginosa,BCALM2,21,41446
628,Pseudomonas_aeruginosa,BCALM2,22,39923
629,Pseudomonas_aeruginosa,BCALM2,23,38513
630,Pseudomonas_aeruginosa,BCALM2,24,36036
631,Pseudomonas_aeruginosa,BCALM2,25,35152
632,Pseudomonas_aeruginosa,BCALM2,26,34337
633,Pseudomonas_aeruginosa,BCALM2,27,33829
634,Pseudomonas_aeruginosa,BCALM2,28,33543
635,Pseudomonas_aeruginosa,BCALM2,29,33042
636,Pseudomonas_aeruginosa,BCALM2,30,32779
637,Pseudomonas_aeruginosa,BCALM2,31,32705
638,Pseudomonas_aeruginosa,BCALM2,32,31062
639,Pseudomonas_aeruginosa,BCALM2,33,30467
640,Pseudomonas_aeruginosa,BCALM2,34,29127
641,Pseudomonas_aeruginosa,BCALM2,35,28886
642,Pseudomonas_aeruginosa,BCALM2,36,28366
643,Pseudomonas_aeruginosa,BCALM2,37,28211
644,Pseudomonas_aeruginosa,BCALM2,38,27289
645,Pseudomonas_aeruginosa,BCALM2,39,26817
646,Pseudomonas_aeruginosa,BCALM2,40,25476
647,Pseudomonas_aeruginosa,BCALM2,41,24743
648,Pseudomonas_aeruginosa,BCALM2,42,24629
649,Pseudomonas_aeruginosa,BCALM2,43,24294
650,Pseudomonas_aeruginosa,BCALM2,44,24230
651,Pseudomonas_aeruginosa,BCALM2,45,24013
652,Pseudomonas_aeruginosa,BCALM2,46,23674
653,Pseudomonas_aeruginosa,BCALM2,47,22999
654,Pseudomonas_aeruginosa,BCALM2,48,22276
655,Pseudomonas_aeruginosa,BCALM2,49,22207
656,Pseudomonas_aeruginosa,BCALM2,50,21972
657,Pseudomonas_aeruginosa,BCALM2,51,21750
658,Pseudomonas_aeruginosa,BCALM2,52,21158
659,Pseudomonas_aeruginosa,BCALM2,53,20768
660,Pseudomonas_aeruginosa,BCALM2,54,20273
661,Pseudomonas_aeruginosa,BCALM2,55,19755
662,Pseudomonas_aeruginosa,BCALM2,56,19328
663,Pseudomonas_aeruginosa,BCALM2,57,19203
664,Pseudomonas_aeruginosa,BCALM2,58,19083
665,Pseudomonas_aeruginosa,BCALM2,59,18832
666,Pseudomonas_aeruginosa,BCALM2,60,18682
667,Pseudomonas_aeruginosa,BCALM2,61,18326
668,Pseudomonas_aeruginosa,BCALM2,62,17832
669,Pseudomonas_aeruginosa,BCALM2,63,17415
670,Pseudomonas_aeruginosa,BCALM2,64,16977
671,Pseudomonas_aeruginosa,BCALM2,65,16708
672,Pseudomonas_aeruginosa,BCALM2,66,16452
673,Pseudomonas_aeruginosa,BCALM2,67,15912
674,Pseudomonas_aeruginosa,BCALM2,68,15272
675,Pseudomonas_aeruginosa,BCALM2,69,15003
676,Pseudomonas_aeruginosa,BCALM2,70,14641
677,Pseudomonas_aeruginosa,BCALM2,71,14354
678,Pseudomonas_aeruginosa,BCALM2,72,14021
679,Pseudomonas_aeruginosa,BCALM2,73,13603
680,Pseudomonas_aeruginosa,BCALM2,74,12809
681,Pseudomonas_aeruginosa,BCALM2,75,12524
682,Pseudomonas_aeruginosa,BCALM2,76,12086
683,Pseudomonas_aeruginosa,BCALM2,77,11493
684,Pseudomonas_aeruginosa,BCALM2,78,11142
685,Pseudomonas_aeruginosa,BCALM2,79,10862
686,Pseudomonas_aeruginosa,BCALM2,80,10282
687,Pseudomonas_aeruginosa,BCALM2,81,10077
688,Pseudomonas_aeruginosa,BCALM2,82,9532
689,Pseudomonas_aeruginosa,BCALM2,83,9200
690,Pseudomonas_aeruginosa,BCALM2,84,8933
691,Pseudomonas_aeruginosa,BCALM2,85,8605
692,Pseudomonas_aeruginosa,BCALM2,86,8149
693,Pseudomonas_aeruginosa,BCALM2,87,7652
694,Pseudomonas_aeruginosa,BCALM2,88,7020
695,Pseudomonas_aeruginosa,BCALM2,89,6768
696,Pseudomonas_aeruginosa,BCALM2,90,6443
697,Pseudomonas_aeruginosa,BCALM2,91,5744
698,Pseudomonas_aeruginosa,BCALM2,92,5333
699,Pseudomonas_aeruginosa,BCALM2,93,4935
700,Pseudomonas_aeruginosa,BCALM2,94,4208
701,Pseudomonas_aeruginosa,BCALM2,95,3522
702,Pseudomonas_aeruginosa,BCALM2,96,3051
703,Pseudomonas_aeruginosa,BCALM2,97,2618
704,Pseudomonas_aeruginosa,BCALM2,98,1932
705,Pseudomonas_aeruginosa,BCALM2,99,1493
706,Pseudomonas_aeruginosa,BCALM2,100,1005
707,Salmonella_enterica,BCALM2,0,56906
708,Salmonella_enterica,BCALM2,1,56906
709,Salmonella_enterica,BCALM2,2,44704
710,Salmonella_enterica,BCALM2,3,38610
711,Salmonella_enterica,BCALM2,4,36797
712,Salmonella_enterica,BCALM2,5,33649
713,Salmonella_enterica,BCALM2,6,31011
714,Salmonella_enterica,BCALM2,7,27434
715,Salmonella_enterica,BCALM2,8,21999
716,Salmonella_enterica,BCALM2,9,19268
717,Salmonella_enterica,BCALM2,10,18515
718,Salmonella_enterica,BCALM2,11,18175
719,Salmonella_enterica,BCALM2,12,17685
720,Salmonella_enterica,BCALM2,13,17137
721,Salmonella_enterica,BCALM2,14,16647
722,Salmonella_enterica,BCALM2,15,14970
723,Salmonella_enterica,BCALM2,16,14005
724,Salmonella_enterica,BCALM2,17,13389
725,Salmonella_enterica,BCALM2,18,12990
726,Salmonella_enterica,BCALM2,19,12224
727,Salmonella_enterica,BCALM2,20,11728
728,Salmonella_enterica,BCALM2,21,11315
729,Salmonella_enterica,BCALM2,22,10699
730,Salmonella_enterica,BCALM2,23,10258
731,Salmonella_enterica,BCALM2,24,9866
732,Salmonella_enterica,BCALM2,25,9740
733,Salmonella_enterica,BCALM2,26,9334
734,Salmonella_enterica,BCALM2,27,9191
735,Salmonella_enterica,BCALM2,28,8972
736,Salmonella_enterica,BCALM2,29,8875
737,Salmonella_enterica,BCALM2,30,8621
738,Salmonella_enterica,BCALM2,31,8507
739,Salmonella_enterica,BCALM2,32,8388
740,Salmonella_enterica,BCALM2,33,8186
741,Salmonella_enterica,BCALM2,34,7958
742,Salmonella_enterica,BCALM2,35,7854
743,Salmonella_enterica,BCALM2,36,7462
744,Salmonella_enterica,BCALM2,37,7348
745,Salmonella_enterica,BCALM2,38,7256
746,Salmonella_enterica,BCALM2,39,7060
747,Salmonella_enterica,BCALM2,40,6889
748,Salmonella_enterica,BCALM2,41,6509
749,Salmonella_enterica,BCALM2,42,6224
750,Salmonella_enterica,BCALM2,43,6027
751,Salmonella_enterica,BCALM2,44,5934
752,Salmonella_enterica,BCALM2,45,5793
753,Salmonella_enterica,BCALM2,46,5570
754,Salmonella_enterica,BCALM2,47,5473
755,Salmonella_enterica,BCALM2,48,5272
756,Salmonella_enterica,BCALM2,49,5134
757,Salmonella_enterica,BCALM2,50,5009
758,Salmonella_enterica,BCALM2,51,4900
759,Salmonella_enterica,BCALM2,52,4674
760,Salmonella_enterica,BCALM2,53,4494
761,Salmonella_enterica,BCALM2,54,4416
762,Salmonella_enterica,BCALM2,55,4287
763,Salmonella_enterica,BCALM2,56,4175
764,Salmonella_enterica,BCALM2,57,4025
765,Salmonella_enterica,BCALM2,58,3921
766,Salmonella_enterica,BCALM2,59,3832
767,Salmonella_enterica,BCALM2,60,3717
768,Salmonella_enterica,BCALM2,61,3621
769,Salmonella_enterica,BCALM2,62,3560
770,Salmonella_enterica,BCALM2,63,3482
771,Salmonella_enterica,BCALM2,64,3353
772,Salmonella_enterica,BCALM2,65,3293
773,Salmonella_enterica,BCALM2,66,3209
774,Salmonella_enterica,BCALM2,67,3117
775,Salmonella_enterica,BCALM2,68,3043
776,Salmonella_enterica,BCALM2,69,2928
777,Salmonella_enterica,BCALM2,70,2877
778,Salmonella_enterica,BCALM2,71,2740
779,Salmonella_enterica,BCALM2,72,2645
780,Salmonella_enterica,BCALM2,73,2578
781,Salmonella_enterica,BCALM2,74,2531
782,Salmonella_enterica,BCALM2,75,2463
783,Salmonella_enterica,BCALM2,76,2371
784,Salmonella_enterica,BCALM2,77,2315
785,Salmonella_enterica,BCALM2,78,2235
786,Salmonella_enterica,BCALM2,79,2168
787,Salmonella_enterica,BCALM2,80,2121
788,Salmonella_enterica,BCALM2,81,2077
789,Salmonella_enterica,BCALM2,82,2011
790,Salmonella_enterica,BCALM2,83,1956
791,Salmonella_enterica,BCALM2,84,1865
792,Salmonella_enterica,BCALM2,85,1820
793,Salmonella_enterica,BCALM2,86,1753
794,Salmonella_enterica,BCALM2,87,1710
795,Salmonella_enterica,BCALM2,88,1642
796,Salmonella_enterica,BCALM2,89,1567
797,Salmonella_enterica,BCALM2,90,1515
798,Salmonella_enterica,BCALM2,91,1461
799,Salmonella_enterica,BCALM2,92,1414
800,Salmonella_enterica,BCALM2,93,1368
801,Salmonella_enterica,BCALM2,94,1306
802,Salmonella_enterica,BCALM2,95,1249
803,Salmonella_enterica,BCALM2,96,1186
804,Salmonella_enterica,BCALM2,97,1147
805,Salmonella_enterica,BCALM2,98,1094
806,Salmonella_enterica,BCALM2,99,1040
807,Salmonella_enterica,BCALM2,100,1002
808,Staphylococcus_aureus,BCALM2,0,90652
809,Staphylococcus_aureus,BCALM2,1,90652
810,Staphylococcus_aureus,BCALM2,2,90652
811,Staphylococcus_aureus,BCALM2,3,90652
812,Staphylococcus_aureus,BCALM2,4,65134
813,Staphylococcus_aureus,BCALM2,5,65134
814,Staphylococcus_aureus,BCALM2,6,62151
815,Staphylococcus_aureus,BCALM2,7,62151
816,Staphylococcus_aureus,BCALM2,8,62151
817,Staphylococcus_aureus,BCALM2,9,54390
818,Staphylococcus_aureus,BCALM2,10,54390
819,Staphylococcus_aureus,BCALM2,11,54237
820,Staphylococcus_aureus,BCALM2,12,54237
821,Staphylococcus_aureus,BCALM2,13,51876
822,Staphylococcus_aureus,BCALM2,14,51876
823,Staphylococcus_aureus,BCALM2,15,51845
824,Staphylococcus_aureus,BCALM2,16,51845
825,Staphylococcus_aureus,BCALM2,17,50331
826,Staphylococcus_aureus,BCALM2,18,50331
827,Staphylococcus_aureus,BCALM2,19,48641
828,Staphylococcus_aureus,BCALM2,20,48641
829,Staphylococcus_aureus,BCALM2,21,46258
830,Staphylococcus_aureus,BCALM2,22,46258
831,Staphylococcus_aureus,BCALM2,23,46114
832,Staphylococcus_aureus,BCALM2,24,45704
833,Staphylococcus_aureus,BCALM2,25,45704
834,Staphylococcus_aureus,BCALM2,26,43776
835,Staphylococcus_aureus,BCALM2,27,43776
836,Staphylococcus_aureus,BCALM2,28,42502
837,Staphylococcus_aureus,BCALM2,29,41975
838,Staphylococcus_aureus,BCALM2,30,41975
839,Staphylococcus_aureus,BCALM2,31,34640
840,Staphylococcus_aureus,BCALM2,32,34022
841,Staphylococcus_aureus,BCALM2,33,34022
842,Staphylococcus_aureus,BCALM2,34,33967
843,Staphylococcus_aureus,BCALM2,35,33943
844,Staphylococcus_aureus,BCALM2,36,33629
845,Staphylococcus_aureus,BCALM2,37,33629
846,Staphylococcus_aureus,BCALM2,38,32443
847,Staphylococcus_aureus,BCALM2,39,32429
848,Staphylococcus_aureus,BCALM2,40,32376
849,Staphylococcus_aureus,BCALM2,41,32297
850,Staphylococcus_aureus,BCALM2,42,32297
851,Staphylococcus_aureus,BCALM2,43,32273
852,Staphylococcus_aureus,BCALM2,44,31961
853,Staphylococcus_aureus,BCALM2,45,31239
854,Staphylococcus_aureus,BCALM2,46,30357
855,Staphylococcus_aureus,BCALM2,47,30086
856,Staphylococcus_aureus,BCALM2,48,30086
857,Staphylococcus_aureus,BCALM2,49,29915
858,Staphylococcus_aureus,BCALM2,50,29647
859,Staphylococcus_aureus,BCALM2,51,29376
860,Staphylococcus_aureus,BCALM2,52,29165
861,Staphylococcus_aureus,BCALM2,53,27809
862,Staphylococcus_aureus,BCALM2,54,26685
863,Staphylococcus_aureus,BCALM2,55,26629
864,Staphylococcus_aureus,BCALM2,56,25660
865,Staphylococcus_aureus,BCALM2,57,24917
866,Staphylococcus_aureus,BCALM2,58,24744
867,Staphylococcus_aureus,BCALM2,59,24203
868,Staphylococcus_aureus,BCALM2,60,24061
869,Staphylococcus_aureus,BCALM2,61,24055
870,Staphylococcus_aureus,BCALM2,62,24019
871,Staphylococcus_aureus,BCALM2,63,23437
872,Staphylococcus_aureus,BCALM2,64,23082
873,Staphylococcus_aureus,BCALM2,65,22986
874,Staphylococcus_aureus,BCALM2,66,20819
875,Staphylococcus_aureus,BCALM2,67,20349
876,Staphylococcus_aureus,BCALM2,68,20263
877,Staphylococcus_aureus,BCALM2,69,19955
878,Staphylococcus_aureus,BCALM2,70,18950
879,Staphylococcus_aureus,BCALM2,71,18916
880,Staphylococcus_aureus,BCALM2,72,16514
881,Staphylococcus_aureus,BCALM2,73,16237
882,Staphylococcus_aureus,BCALM2,74,15930
883,Staphylococcus_aureus,BCALM2,75,15308
884,Staphylococcus_aureus,BCALM2,76,15041
885,Staphylococcus_aureus,BCALM2,77,14906
886,Staphylococcus_aureus,BCALM2,78,14412
887,Staphylococcus_aureus,BCALM2,79,13809
888,Staphylococcus_aureus,BCALM2,80,13776
889,Staphylococcus_aureus,BCALM2,81,12725
890,Staphylococcus_aureus,BCALM2,82,11547
891,Staphylococcus_aureus,BCALM2,83,10997
892,Staphylococcus_aureus,BCALM2,84,10864
893,Staphylococcus_aureus,BCALM2,85,10444
894,Staphylococcus_aureus,BCALM2,86,10441
895,Staphylococcus_aureus,BCALM2,87,9356
896,Staphylococcus_aureus,BCALM2,88,8671
897,Staphylococcus_aureus,BCALM2,89,7906
898,Staphylococcus_aureus,BCALM2,90,7461
899,Staphylococcus_aureus,BCALM2,91,7013
900,Staphylococcus_aureus,BCALM2,92,5964
901,Staphylococcus_aureus,BCALM2,93,5527
902,Staphylococcus_aureus,BCALM2,94,4404
903,Staphylococcus_aureus,BCALM2,95,4074
904,Staphylococcus_aureus,BCALM2,96,3533
905,Staphylococcus_aureus,BCALM2,97,2985
906,Staphylococcus_aureus,BCALM2,98,2275
907,Staphylococcus_aureus,BCALM2,99,1805
908,Staphylococcus_aureus,BCALM2,100,1069
909,Staphylococcus_aureus_plasmid1,BCALM2,0,6336
910,Staphylococcus_aureus_plasmid1,BCALM2,1,6336
911,Staphylococcus_aureus_plasmid1,BCALM2,2,6336
912,Staphylococcus_aureus_plasmid1,BCALM2,3,6336
913,Staphylococcus_aureus_plasmid1,BCALM2,4,6336
914,Staphylococcus_aureus_plasmid1,BCALM2,5,6336
915,Staphylococcus_aureus_plasmid1,BCALM2,6,6336
916,Staphylococcus_aureus_plasmid1,BCALM2,7,6336
917,Staphylococcus_aureus_plasmid1,BCALM2,8,6336
918,Staphylococcus_aureus_plasmid1,BCALM2,9,6336
919,Staphylococcus_aureus_plasmid1,BCALM2,10,6336
920,Staphylococcus_aureus_plasmid1,BCALM2,11,6336
921,Staphylococcus_aureus_plasmid1,BCALM2,12,6336
922,Staphylococcus_aureus_plasmid1,BCALM2,13,6336
923,Staphylococcus_aureus_plasmid1,BCALM2,14,6336
924,Staphylococcus_aureus_plasmid1,BCALM2,15,6336
925,Staphylococcus_aureus_plasmid1,BCALM2,16,6336
926,Staphylococcus_aureus_plasmid1,BCALM2,17,6336
927,Staphylococcus_aureus_plasmid1,BCALM2,18,6336
928,Staphylococcus_aureus_plasmid1,BCALM2,19,6336
929,Staphylococcus_aureus_plasmid1,BCALM2,20,6336
930,Staphylococcus_aureus_plasmid1,BCALM2,21,6336
931,Staphylococcus_aureus_plasmid1,BCALM2,22,6336
932,Staphylococcus_aureus_plasmid1,BCALM2,23,6336
933,Staphylococcus_aureus_plasmid1,BCALM2,24,6336
934,Staphylococcus_aureus_plasmid1,BCALM2,25,6336
935,Staphylococcus_aureus_plasmid1,BCALM2,26,6336
936,Staphylococcus_aureus_plasmid1,BCALM2,27,6336
937,Staphylococcus_aureus_plasmid1,BCALM2,28,6336
938,Staphylococcus_aureus_plasmid1,BCALM2,29,6336
939,Staphylococcus_aureus_plasmid1,BCALM2,30,6336
940,Staphylococcus_aureus_plasmid1,BCALM2,31,6336
941,Staphylococcus_aureus_plasmid1,BCALM2,32,6336
942,Staphylococcus_aureus_plasmid1,BCALM2,33,6336
943,Staphylococcus_aureus_plasmid1,BCALM2,34,6336
944,Staphylococcus_aureus_plasmid1,BCALM2,35,6336
945,Staphylococcus_aureus_plasmid1,BCALM2,36,6336
946,Staphylococcus_aureus_plasmid1,BCALM2,37,6336
947,Staphylococcus_aureus_plasmid1,BCALM2,38,6336
948,Staphylococcus_aureus_plasmid1,BCALM2,39,6336
949,Staphylococcus_aureus_plasmid1,BCALM2,40,6336
950,Staphylococcus_aureus_plasmid1,BCALM2,41,6336
951,Staphylococcus_aureus_plasmid1,BCALM2,42,6336
952,Staphylococcus_aureus_plasmid1,BCALM2,43,6336
953,Staphylococcus_aureus_plasmid1,BCALM2,44,6336
954,Staphylococcus_aureus_plasmid1,BCALM2,45,6336
955,Staphylococcus_aureus_plasmid1,BCALM2,46,6336
956,Staphylococcus_aureus_plasmid1,BCALM2,47,6336
957,Staphylococcus_aureus_plasmid1,BCALM2,48,6336
958,Staphylococcus_aureus_plasmid1,BCALM2,49,6336
959,Staphylococcus_aureus_plasmid1,BCALM2,50,6336
960,Staphylococcus_aureus_plasmid1,BCALM2,51,6336
961,Staphylococcus_aureus_plasmid1,BCALM2,52,6336
962,Staphylococcus_aureus_plasmid1,BCALM2,53,6336
963,Staphylococcus_aureus_plasmid1,BCALM2,54,6336
964,Staphylococcus_aureus_plasmid1,BCALM2,55,6336
965,Staphylococcus_aureus_plasmid1,BCALM2,56,6336
966,Staphylococcus_aureus_plasmid1,BCALM2,57,6336
967,Staphylococcus_aureus_plasmid1,BCALM2,58,6336
968,Staphylococcus_aureus_plasmid1,BCALM2,59,6336
969,Staphylococcus_aureus_plasmid1,BCALM2,60,6336
970,Staphylococcus_aureus_plasmid1,BCALM2,61,6336
971,Staphylococcus_aureus_plasmid1,BCALM2,62,6336
972,Staphylococcus_aureus_plasmid1,BCALM2,63,6336
973,Staphylococcus_aureus_plasmid1,BCALM2,64,6336
974,Staphylococcus_aureus_plasmid1,BCALM2,65,6336
975,Staphylococcus_aureus_plasmid1,BCALM2,66,6336
976,Staphylococcus_aureus_plasmid1,BCALM2,67,6336
977,Staphylococcus_aureus_plasmid1,BCALM2,68,6336
978,Staphylococcus_aureus_plasmid1,BCALM2,69,6336
979,Staphylococcus_aureus_plasmid1,BCALM2,70,6336
980,Staphylococcus_aureus_plasmid1,BCALM2,71,6336
981,Staphylococcus_aureus_plasmid1,BCALM2,72,6336
982,Staphylococcus_aureus_plasmid1,BCALM2,73,6336
983,Staphylococcus_aureus_plasmid1,BCALM2,74,6336
984,Staphylococcus_aureus_plasmid1,BCALM2,75,6336
985,Staphylococcus_aureus_plasmid1,BCALM2,76,6336
986,Staphylococcus_aureus_plasmid1,BCALM2,77,6336
987,Staphylococcus_aureus_plasmid1,BCALM2,78,6336
988,Staphylococcus_aureus_plasmid1,BCALM2,79,6336
989,Staphylococcus_aureus_plasmid1,BCALM2,80,6336
990,Staphylococcus_aureus_plasmid1,BCALM2,81,6336
991,Staphylococcus_aureus_plasmid1,BCALM2,82,6336
992,Staphylococcus_aureus_plasmid1,BCALM2,83,6336
993,Staphylococcus_aureus_plasmid1,BCALM2,84,6336
994,Staphylococcus_aureus_plasmid1,BCALM2,85,6336
995,Staphylococcus_aureus_plasmid1,BCALM2,86,6336
996,Staphylococcus_aureus_plasmid1,BCALM2,87,6336
997,Staphylococcus_aureus_plasmid1,BCALM2,88,6336
998,Staphylococcus_aureus_plasmid1,BCALM2,89,6336
999,Staphylococcus_aureus_plasmid1,BCALM2,90,6336
1000,Staphylococcus_aureus_plasmid1,BCALM2,91,6336
1001,Staphylococcus_aureus_plasmid1,BCALM2,92,6336
1002,Staphylococcus_aureus_plasmid1,BCALM2,93,6336
1003,Staphylococcus_aureus_plasmid1,BCALM2,94,6336
1004,Staphylococcus_aureus_plasmid1,BCALM2,95,6336
1005,Staphylococcus_aureus_plasmid1,BCALM2,96,6336
1006,Staphylococcus_aureus_plasmid1,BCALM2,97,6336
1007,Staphylococcus_aureus_plasmid1,BCALM2,98,6336
1008,Staphylococcus_aureus_plasmid1,BCALM2,99,6336
1009,Staphylococcus_aureus_plasmid1,BCALM2,100,6336
1010,Staphylococcus_aureus_plasmid2,BCALM2,0,0
1011,Staphylococcus_aureus_plasmid2,BCALM2,1,0
1012,Staphylococcus_aureus_plasmid2,BCALM2,2,0
1013,Staphylococcus_aureus_plasmid2,BCALM2,3,0
1014,Staphylococcus_aureus_plasmid2,BCALM2,4,0
1015,Staphylococcus_aureus_plasmid2,BCALM2,5,0
1016,Staphylococcus_aureus_plasmid2,BCALM2,6,0
1017,Staphylococcus_aureus_plasmid2,BCALM2,7,0
1018,Staphylococcus_aureus_plasmid2,BCALM2,8,0
1019,Staphylococcus_aureus_plasmid2,BCALM2,9,0
1020,Staphylococcus_aureus_plasmid2,BCALM2,10,0
1021,Staphylococcus_aureus_plasmid2,BCALM2,11,0
1022,Staphylococcus_aureus_plasmid2,BCALM2,12,0
1023,Staphylococcus_aureus_plasmid2,BCALM2,13,0
1024,Staphylococcus_aureus_plasmid2,BCALM2,14,0
1025,Staphylococcus_aureus_plasmid2,BCALM2,15,0
1026,Staphylococcus_aureus_plasmid2,BCALM2,16,0
1027,Staphylococcus_aureus_plasmid2,BCALM2,17,0
1028,Staphylococcus_aureus_plasmid2,BCALM2,18,0
1029,Staphylococcus_aureus_plasmid2,BCALM2,19,0
1030,Staphylococcus_aureus_plasmid2,BCALM2,20,0
1031,Staphylococcus_aureus_plasmid2,BCALM2,21,0
1032,Staphylococcus_aureus_plasmid2,BCALM2,22,0
1033,Staphylococcus_aureus_plasmid2,BCALM2,23,0
1034,Staphylococcus_aureus_plasmid2,BCALM2,24,0
1035,Staphylococcus_aureus_plasmid2,BCALM2,25,0
1036,Staphylococcus_aureus_plasmid2,BCALM2,26,0
1037,Staphylococcus_aureus_plasmid2,BCALM2,27,0
1038,Staphylococcus_aureus_plasmid2,BCALM2,28,0
1039,Staphylococcus_aureus_plasmid2,BCALM2,29,0
1040,Staphylococcus_aureus_plasmid2,BCALM2,30,0
1041,Staphylococcus_aureus_plasmid2,BCALM2,31,0
1042,Staphylococcus_aureus_plasmid2,BCALM2,32,0
1043,Staphylococcus_aureus_plasmid2,BCALM2,33,0
1044,Staphylococcus_aureus_plasmid2,BCALM2,34,0
1045,Staphylococcus_aureus_plasmid2,BCALM2,35,0
1046,Staphylococcus_aureus_plasmid2,BCALM2,36,0
1047,Staphylococcus_aureus_plasmid2,BCALM2,37,0
1048,Staphylococcus_aureus_plasmid2,BCALM2,38,0
1049,Staphylococcus_aureus_plasmid2,BCALM2,39,0
1050,Staphylococcus_aureus_plasmid2,BCALM2,40,0
1051,Staphylococcus_aureus_plasmid2,BCALM2,41,0
1052,Staphylococcus_aureus_plasmid2,BCALM2,42,0
1053,Staphylococcus_aureus_plasmid2,BCALM2,43,0
1054,Staphylococcus_aureus_plasmid2,BCALM2,44,0
1055,Staphylococcus_aureus_plasmid2,BCALM2,45,0
1056,Staphylococcus_aureus_plasmid2,BCALM2,46,0
1057,Staphylococcus_aureus_plasmid2,BCALM2,47,0
1058,Staphylococcus_aureus_plasmid2,BCALM2,48,0
1059,Staphylococcus_aureus_plasmid2,BCALM2,49,0
1060,Staphylococcus_aureus_plasmid2,BCALM2,50,0
1061,Staphylococcus_aureus_plasmid2,BCALM2,51,0
1062,Staphylococcus_aureus_plasmid2,BCALM2,52,0
1063,Staphylococcus_aureus_plasmid2,BCALM2,53,0
1064,Staphylococcus_aureus_plasmid2,BCALM2,54,0
1065,Staphylococcus_aureus_plasmid2,BCALM2,55,0
1066,Staphylococcus_aureus_plasmid2,BCALM2,56,0
1067,Staphylococcus_aureus_plasmid2,BCALM2,57,0
1068,Staphylococcus_aureus_plasmid2,BCALM2,58,0
1069,Staphylococcus_aureus_plasmid2,BCALM2,59,0
1070,Staphylococcus_aureus_plasmid2,BCALM2,60,0
1071,Staphylococcus_aureus_plasmid2,BCALM2,61,0
1072,Staphylococcus_aureus_plasmid2,BCALM2,62,0
1073,Staphylococcus_aureus_plasmid2,BCALM2,63,0
1074,Staphylococcus_aureus_plasmid2,BCALM2,64,0
1075,Staphylococcus_aureus_plasmid2,BCALM2,65,0
1076,Staphylococcus_aureus_plasmid2,BCALM2,66,0
1077,Staphylococcus_aureus_plasmid2,BCALM2,67,0
1078,Staphylococcus_aureus_plasmid2,BCALM2,68,0
1079,Staphylococcus_aureus_plasmid2,BCALM2,69,0
1080,Staphylococcus_aureus_plasmid2,BCALM2,70,0
1081,Staphylococcus_aureus_plasmid2,BCALM2,71,0
1082,Staphylococcus_aureus_plasmid2,BCALM2,72,0
1083,Staphylococcus_aureus_plasmid2,BCALM2,73,0
1084,Staphylococcus_aureus_plasmid2,BCALM2,74,0
1085,Staphylococcus_aureus_plasmid2,BCALM2,75,0
1086,Staphylococcus_aureus_plasmid2,BCALM2,76,0
1087,Staphylococcus_aureus_plasmid2,BCALM2,77,0
1088,Staphylococcus_aureus_plasmid2,BCALM2,78,0
1089,Staphylococcus_aureus_plasmid2,BCALM2,79,0
1090,Staphylococcus_aureus_plasmid2,BCALM2,80,0
1091,Staphylococcus_aureus_plasmid2,BCALM2,81,0
1092,Staphylococcus_aureus_plasmid2,BCALM2,82,0
1093,Staphylococcus_aureus_plasmid2,BCALM2,83,0
1094,Staphylococcus_aureus_plasmid2,BCALM2,84,0
1095,Staphylococcus_aureus_plasmid2,BCALM2,85,0
1096,Staphylococcus_aureus_plasmid2,BCALM2,86,0
1097,Staphylococcus_aureus_plasmid2,BCALM2,87,0
1098,Staphylococcus_aureus_plasmid2,BCALM2,88,0
1099,Staphylococcus_aureus_plasmid2,BCALM2,89,0
1100,Staphylococcus_aureus_plasmid2,BCALM2,90,0
1101,Staphylococcus_aureus_plasmid2,BCALM2,91,0
1102,Staphylococcus_aureus_plasmid2,BCALM2,92,0
1103,Staphylococcus_aureus_plasmid2,BCALM2,93,0
1104,Staphylococcus_aureus_plasmid2,BCALM2,94,0
1105,Staphylococcus_aureus_plasmid2,BCALM2,95,0
1106,Staphylococcus_aureus_plasmid2,BCALM2,96,0
1107,Staphylococcus_aureus_plasmid2,BCALM2,97,0
1108,Staphylococcus_aureus_plasmid2,BCALM2,98,0
1109,Staphylococcus_aureus_plasmid2,BCALM2,99,0
1110,Staphylococcus_aureus_plasmid2,BCALM2,100,0
1111,Staphylococcus_aureus_plasmid3,BCALM2,0,0
1112,Staphylococcus_aureus_plasmid3,BCALM2,1,0
1113,Staphylococcus_aureus_plasmid3,BCALM2,2,0
1114,Staphylococcus_aureus_plasmid3,BCALM2,3,0
1115,Staphylococcus_aureus_plasmid3,BCALM2,4,0
1116,Staphylococcus_aureus_plasmid3,BCALM2,5,0
1117,Staphylococcus_aureus_plasmid3,BCALM2,6,0
1118,Staphylococcus_aureus_plasmid3,BCALM2,7,0
1119,Staphylococcus_aureus_plasmid3,BCALM2,8,0
1120,Staphylococcus_aureus_plasmid3,BCALM2,9,0
1121,Staphylococcus_aureus_plasmid3,BCALM2,10,0
1122,Staphylococcus_aureus_plasmid3,BCALM2,11,0
1123,Staphylococcus_aureus_plasmid3,BCALM2,12,0
1124,Staphylococcus_aureus_plasmid3,BCALM2,13,0
1125,Staphylococcus_aureus_plasmid3,BCALM2,14,0
1126,Staphylococcus_aureus_plasmid3,BCALM2,15,0
1127,Staphylococcus_aureus_plasmid3,BCALM2,16,0
1128,Staphylococcus_aureus_plasmid3,BCALM2,17,0
1129,Staphylococcus_aureus_plasmid3,BCALM2,18,0
1130,Staphylococcus_aureus_plasmid3,BCALM2,19,0
1131,Staphylococcus_aureus_plasmid3,BCALM2,20,0
1132,Staphylococcus_aureus_plasmid3,BCALM2,21,0
1133,Staphylococcus_aureus_plasmid3,BCALM2,22,0
1134,Staphylococcus_aureus_plasmid3,BCALM2,23,0
1135,Staphylococcus_aureus_plasmid3,BCALM2,24,0
1136,Staphylococcus_aureus_plasmid3,BCALM2,25,0
1137,Staphylococcus_aureus_plasmid3,BCALM2,26,0
1138,Staphylococcus_aureus_plasmid3,BCALM2,27,0
1139,Staphylococcus_aureus_plasmid3,BCALM2,28,0
1140,Staphylococcus_aureus_plasmid3,BCALM2,29,0
1141,Staphylococcus_aureus_plasmid3,BCALM2,30,0
1142,Staphylococcus_aureus_plasmid3,BCALM2,31,0
1143,Staphylococcus_aureus_plasmid3,BCALM2,32,0
1144,Staphylococcus_aureus_plasmid3,BCALM2,33,0
1145,Staphylococcus_aureus_plasmid3,BCALM2,34,0
1146,Staphylococcus_aureus_plasmid3,BCALM2,35,0
1147,Staphylococcus_aureus_plasmid3,BCALM2,36,0
1148,Staphylococcus_aureus_plasmid3,BCALM2,37,0
1149,Staphylococcus_aureus_plasmid3,BCALM2,38,0
1150,Staphylococcus_aureus_plasmid3,BCALM2,39,0
1151,Staphylococcus_aureus_plasmid3,BCALM2,40,0
1152,Staphylococcus_aureus_plasmid3,BCALM2,41,0
1153,Staphylococcus_aureus_plasmid3,BCALM2,42,0
1154,Staphylococcus_aureus_plasmid3,BCALM2,43,0
1155,Staphylococcus_aureus_plasmid3,BCALM2,44,0
1156,Staphylococcus_aureus_plasmid3,BCALM2,45,0
1157,Staphylococcus_aureus_plasmid3,BCALM2,46,0
1158,Staphylococcus_aureus_plasmid3,BCALM2,47,0
1159,Staphylococcus_aureus_plasmid3,BCALM2,48,0
1160,Staphylococcus_aureus_plasmid3,BCALM2,49,0
1161,Staphylococcus_aureus_plasmid3,BCALM2,50,0
1162,Staphylococcus_aureus_plasmid3,BCALM2,51,0
1163,Staphylococcus_aureus_plasmid3,BCALM2,52,0
1164,Staphylococcus_aureus_plasmid3,BCALM2,53,0
1165,Staphylococcus_aureus_plasmid3,BCALM2,54,0
1166,Staphylococcus_aureus_plasmid3,BCALM2,55,0
1167,Staphylococcus_aureus_plasmid3,BCALM2,56,0
1168,Staphylococcus_aureus_plasmid3,BCALM2,57,0
1169,Staphylococcus_aureus_plasmid3,BCALM2,58,0
1170,Staphylococcus_aureus_plasmid3,BCALM2,59,0
1171,Staphylococcus_aureus_plasmid3,BCALM2,60,0
1172,Staphylococcus_aureus_plasmid3,BCALM2,61,0
1173,Staphylococcus_aureus_plasmid3,BCALM2,62,0
1174,Staphylococcus_aureus_plasmid3,BCALM2,63,0
1175,Staphylococcus_aureus_plasmid3,BCALM2,64,0
1176,Staphylococcus_aureus_plasmid3,BCALM2,65,0
1177,Staphylococcus_aureus_plasmid3,BCALM2,66,0
1178,Staphylococcus_aureus_plasmid3,BCALM2,67,0
1179,Staphylococcus_aureus_plasmid3,BCALM2,68,0
1180,Staphylococcus_aureus_plasmid3,BCALM2,69,0
1181,Staphylococcus_aureus_plasmid3,BCALM2,70,0
1182,Staphylococcus_aureus_plasmid3,BCALM2,71,0
1183,Staphylococcus_aureus_plasmid3,BCALM2,72,0
1184,Staphylococcus_aureus_plasmid3,BCALM2,73,0
1185,Staphylococcus_aureus_plasmid3,BCALM2,74,0
1186,Staphylococcus_aureus_plasmid3,BCALM2,75,0
1187,Staphylococcus_aureus_plasmid3,BCALM2,76,0
1188,Staphylococcus_aureus_plasmid3,BCALM2,77,0
1189,Staphylococcus_aureus_plasmid3,BCALM2,78,0
1190,Staphylococcus_aureus_plasmid3,BCALM2,79,0
1191,Staphylococcus_aureus_plasmid3,BCALM2,80,0
1192,Staphylococcus_aureus_plasmid3,BCALM2,81,0
1193,Staphylococcus_aureus_plasmid3,BCALM2,82,0
1194,Staphylococcus_aureus_plasmid3,BCALM2,83,0
1195,Staphylococcus_aureus_plasmid3,BCALM2,84,0
1196,Staphylococcus_aureus_plasmid3,BCALM2,85,0
1197,Staphylococcus_aureus_plasmid3,BCALM2,86,0
1198,Staphylococcus_aureus_plasmid3,BCALM2,87,0
1199,Staphylococcus_aureus_plasmid3,BCALM2,88,0
1200,Staphylococcus_aureus_plasmid3,BCALM2,89,0
1201,Staphylococcus_aureus_plasmid3,BCALM2,90,0
1202,Staphylococcus_aureus_plasmid3,BCALM2,91,0
1203,Staphylococcus_aureus_plasmid3,BCALM2,92,0
1204,Staphylococcus_aureus_plasmid3,BCALM2,93,0
1205,Staphylococcus_aureus_plasmid3,BCALM2,94,0
1206,Staphylococcus_aureus_plasmid3,BCALM2,95,0
1207,Staphylococcus_aureus_plasmid3,BCALM2,96,0
1208,Staphylococcus_aureus_plasmid3,BCALM2,97,0
1209,Staphylococcus_aureus_plasmid3,BCALM2,98,0
1210,Staphylococcus_aureus_plasmid3,BCALM2,99,0
1211,Staphylococcus_aureus_plasmid3,BCALM2,100,0
